season,season_type,player_id,player_name,league_fga,player_game_rows,teams,team_ids,query_status,http_status,player_name_metric,team_id_metric,team_abbreviation_metric,metric_fga,avg_defensive_hand_height,avg_shooter_speed,avg_defender_pressure_score,defensive_hand_height_rank,shooter_speed_rank,defender_pressure_score_rank,raw_sha256,error
2025-26,Regular Season,1627759,Jaylen Brown,1543,71,BOS,1610612738,ok,200,Jaylen Brown,1610612738,BOS,,90.068,4.887,0.859,14,57,8,1a2c33f55d0ca52658dcfd4cc9b79d60e9838f576e6562328be7f100536bd30d,
2025-26,Regular Season,1630178,Tyrese Maxey,1501,70,PHI,1610612755,ok,200,Tyrese Maxey,1610612755,PHI,,81.546,7.192,0.801,114,5,102,8753c49178caa2fc2560cc1ef51e9a77a91e3270e6a6196a099a104bd33ab47c,
2025-26,Regular Season,1628973,Jalen Brunson,1475,74,NYK,1610612752,ok,200,Jalen Brunson,1610612752,NYK,,83.463,4.888,0.844,103,56,28,08d0efae3d7823844aeb7107fe927730f47ecee2c569c78a3e33acd130fcc5b2,
2025-26,Regular Season,201142,Kevin Durant,1376,78,HOU,1610612745,ok,200,Kevin Durant,1610612745,HOU,,94.534,3.548,0.865,1,112,4,a9a087ddd90981f19f1df171398415bd9311c576f3040cb789a008ded9926a2c,
2025-26,Regular Season,1627742,Brandon Ingram,1288,77,TOR,1610612761,ok,200,Brandon Ingram,1610612761,TOR,,92.886,4.007,0.864,2,97,5,072312dd51e20b9de4ee2137d36664e7e94086cb941f46d2de75ed9666c08316,
2025-26,Regular Season,202695,Kawhi Leonard,1258,65,LAC,1610612746,ok,200,Kawhi Leonard,1610612746,LAC,,89.462,3.837,0.851,19,101,17,a6f12b8921fc327c9e82e32b4e36e19c2db4638e5a689c0da2eed5c97aaadbdd,
2025-26,Regular Season,1630163,LaMelo Ball,1244,72,CHA,1610612766,ok,200,LaMelo Ball,1610612766,CHA,,80.56,5.033,0.805,118,52,97,0fd0756b45db007b65f0d2c5ff63edf294fd40f7076765a90fbc7c5024fde2f1,
2025-26,Regular Season,1630162,Anthony Edwards,1231,61,MIN,1610612750,ok,200,Anthony Edwards,1610612750,MIN,,88.652,4.121,0.843,27,92,31,a2472a2872e0a7e9cce044a9ebc110cb1973f5e5bf6ae036382e2161db9e156f,
2025-26,Regular Season,1630552,Jalen Johnson,1228,72,ATL,1610612737,ok,200,Jalen Johnson,1610612737,ATL,,87.385,4.981,0.844,43,54,27,f2b7d74493f228011cb5758ee18605e9f259605c01b86ca50e2c9af2ceba1d90,
2025-26,Regular Season,1630217,Desmond Bane,1205,82,ORL,1610612753,ok,200,Desmond Bane,1610612753,ORL,,85.763,6.538,0.82,73,8,68,6c21a839e31b5f45e57bf15e8d7b37f22d6abec34385c9bf9241bb3698ff9134,
2025-26,Regular Season,1642843,Cooper Flagg,1194,70,DAL,1610612742,ok,200,Cooper Flagg,1610612742,DAL,,89.914,5.452,0.855,15,33,12,8f6421b8613c9aa8a71c25cf9a56ad69676c1c6eb194caab17f9c05674e195c0,
2025-26,Regular Season,1630595,Cade Cunningham,1189,64,DET,1610612765,ok,200,Cade Cunningham,1610612765,DET,,89.734,5.529,0.847,16,28,24,50f1017338dbbc03de2de8c7775ee579394283d66c15b8b0b9230b94b2e519da,
2025-26,Regular Season,203468,CJ McCollum,1154,76,ATL|WAS,1610612737|1610612764,ok,200,CJ McCollum,1610612737,ATL,,86.579,5.302,0.829,61,38,51,d16c3adba2e509bf94220e4a2556bbb56e29271fb59ac1b6d2e63b4dfb5937bc,
2025-26,Regular Season,1628389,Bam Adebayo,1145,73,MIA,1610612748,ok,200,Bam Adebayo,1610612748,MIA,,85.727,3.669,0.824,74,107,57,fa62531c00d678cddf9dc96e036c5a29f840fabd925ea7866a31b0c8c259fe55,
2025-26,Regular Season,203999,Nikola Jokić,1132,65,DEN,1610612743,ok,200,Nikola Jokić,1610612743,DEN,,90.151,4.046,0.864,13,95,6,555dcdfa67c97d633b5f1a2f10b1c32072e1eb073bb5bff08282d8898a6b75bf,
2025-26,Regular Season,1630578,Alperen Sengun,1123,72,HOU,1610612745,ok,200,Alperen Sengun,1610612745,HOU,,88.331,4.717,0.865,32,68,3,dfc5a3982d7b0deeeee22f10b377cf0931cd4401398b7d864d81a0dfafe10102,
2025-26,Regular Season,201935,James Harden,1123,70,CLE|LAC,1610612739|1610612746,ok,200,James Harden,1610612739,CLE,,88.917,5.782,0.847,26,18,25,e363e2d08dc85696092da05092c8f7dbd312d423cb73ec8ce4d458b8de66265b,
2025-26,Regular Season,1630567,Scottie Barnes,1123,80,TOR,1610612761,ok,200,Scottie Barnes,1610612761,TOR,,89.419,4.481,0.851,20,76,16,be387c4386f91605475e459ece71d165dd73f2b5edbdda9976e4ad4d9edcd6e7,
2025-26,Regular Season,1628401,Derrick White,1108,77,BOS,1610612738,ok,200,Derrick White,1610612738,BOS,,82.541,3.439,0.818,107,115,72,11603597f9ffe535e59d2cfb04decee83ec695175231e83a50c623fd0bdd6968,
2025-26,Regular Season,1630202,Payton Pritchard,1091,79,BOS,1610612738,ok,200,Payton Pritchard,1610612738,BOS,,84.836,3.69,0.791,86,106,117,86a870580c895c533bda63c8a40e3dad27cc3dd8e8bf57235b58458cedc2e204,
2025-26,Regular Season,1642851,Kon Knueppel,1084,81,CHA,1610612766,ok,200,Kon Knueppel,1610612766,CHA,,84.467,4.688,0.8,90,70,105,df593bc5c14b34a1b69c81c2456ebea7ba88be21048b46691cad7662161d9fc8,
2025-26,Regular Season,1641705,Victor Wembanyama,1080,64,SAS,1610612759,ok,200,Victor Wembanyama,1610612759,SAS,,88.005,4.794,0.851,36,62,19,265d32fa220ecc47290aebde7d3ff8a865a2534c0c1ff16e23d3b902ce95747e,
2025-26,Regular Season,1630166,Deni Avdija,1064,66,POR,1610612757,ok,200,Deni Avdija,1610612757,POR,,86.82,5.782,0.818,57,19,71,72e7d15913be6bc9bbd9053930ec8aa62547b8b770984a85e144014b5c6612cb,
2025-26,Regular Season,1628368,De'Aaron Fox,1047,72,SAS,1610612759,ok,200,De'Aaron Fox,1610612759,SAS,,85.137,4.394,0.82,82,79,66,7381b31c8b26c73d8149150dfcebecadbb3bc65980720476164c1db6ec89fad8,
2025-26,Regular Season,1641706,Brandon Miller,1044,65,CHA,1610612766,ok,200,Brandon Miller,1610612766,CHA,,83.668,4.371,0.805,101,80,96,7e77d01fffec8d388961472d97bde748be1930a32440ac497bdd2a325737a468,
2025-26,Regular Season,1628970,Miles Bridges,1042,77,CHA,1610612766,ok,200,Miles Bridges,1610612766,CHA,,85.062,5.055,0.817,84,50,74,9e69dd3fbc122fcf9d69a77328d3412cc7a11cd4be5ee420132a64848f359569,
2025-26,Regular Season,1626157,Karl-Anthony Towns,1032,75,NYK,1610612752,ok,200,Karl-Anthony Towns,1610612752,NYK,,83.615,5.012,0.835,102,53,40,bfbd58d9c25ed8f742a98cf463c159b727286950a91c79060dfcb1788ba30489,
2025-26,Regular Season,1642847,Jeremiah Fears,1006,82,NOP,1610612740,ok,200,Jeremiah Fears,1610612740,NOP,,81.805,7.414,0.815,110,3,82,16b4b3b6b27b6a1baae3294a0add03f9d8408a331b8d5e8dc9fac111351bbcff,
2025-26,Regular Season,1641824,Matas Buzelis,963,77,CHI,1610612741,ok,200,Matas Buzelis,1610612741,CHI,,88.243,5.602,0.82,35,25,64,8a9cab1ab00ac827fed56ca2bd748c97f812bc020206f023e992eb433662eba3,
2025-26,Regular Season,1628415,Dillon Brooks,959,56,PHX,1610612756,ok,200,Dillon Brooks,1610612756,PHX,,86.193,4.06,0.822,67,94,60,7cb85337022513e5982e65c8c2b711b40f785cb057b0891c22bfaf5191edc119,
2025-26,Regular Season,1629008,Michael Porter Jr.,958,52,BKN,1610612751,ok,200,Michael Porter Jr.,1610612751,BKN,,89.548,3.285,0.86,17,117,7,2c3ec10a04accc6871f7b40c5599237babce05df57e8316e202aa18de1d813a5,
2025-26,Regular Season,2544,LeBron James,919,60,LAL,1610612747,ok,200,LeBron James,1610612747,LAL,,85.269,6.882,0.829,80,7,53,c32e6da80da3104c3c5ed6da2999857646d7b14a23a0e9165946252ea8a8fc69,
2025-26,Regular Season,1630193,Immanuel Quickley,905,70,TOR,1610612761,ok,200,Immanuel Quickley,1610612761,TOR,,77.712,5.16,0.768,123,45,125,b0c12442a6edd0b7b726645a2d918544750a199cf64f654665145ea236dee7f1,
2025-26,Regular Season,1626181,Norman Powell,895,58,MIA,1610612748,ok,200,Norman Powell,1610612748,MIA,,89.202,5.86,0.842,22,16,33,2a6f8bd3666fc3c7aac6d7dbaa5914c32050340020973f13b62f999aa972711b,
2025-26,Regular Season,1642846,Ace Bailey,892,72,UTA,1610612762,ok,200,Ace Bailey,1610612762,UTA,,82.827,3.737,0.797,105,103,110,a6b7911e74f19b3f24ec323c5e84f7f098978776eeb66be3fcfd5279c02cb246,
2025-26,Regular Season,1641739,Toumani Camara,891,82,POR,1610612757,ok,200,Toumani Camara,1610612757,POR,,87.268,3.708,0.772,48,104,122,929e7e7e4f4be5a95bed8c7bca41f0ef99cdf62fe1914bb9a03c9c7ff88e5e3f,
2025-26,Regular Season,1641718,Keyonte George,881,54,UTA,1610612762,ok,200,Keyonte George,1610612762,UTA,,88.283,5.52,0.839,34,29,35,3ed265468e850fccfb5043ef66d3012ab4b3c13fbd8bb9755c8683e96c49064f,
2025-26,Regular Season,1631101,Shaedon Sharpe,868,50,POR,1610612757,ok,200,Shaedon Sharpe,1610612757,POR,,86.888,5.718,0.832,56,22,44,55278264554e0b094276c8c3525edbe373f6f2de0e7a4187da21f66928fe4099,
2025-26,Regular Season,1641764,Brandin Podziemski,866,82,GSW,1610612744,ok,200,Brandin Podziemski,1610612744,GSW,,75.111,5.565,0.785,125,27,119,9045396eca510db4e7df60fddcfb178279f0627751e02e4de7c42fc98d0f97b8,
2025-26,Regular Season,1630168,Onyeka Okongwu,860,74,ATL,1610612737,ok,200,Onyeka Okongwu,1610612737,ATL,,83.727,4.126,0.799,100,91,107,a64b54e77c60e82f2e1fb57d7d8cf6c4b71d52395c0df9ef151d376c0dbd75af,
2025-26,Regular Season,1630596,Evan Mobley,859,65,CLE,1610612739,ok,200,Evan Mobley,1610612739,CLE,,90.46,4.078,0.848,9,93,22,da546c927ce10d2e106e178c97c4e4a7f79cf927db685d261763b5dae7c56943,
2025-26,Regular Season,1641729,Brice Sensabaugh,857,75,UTA,1610612762,ok,200,Brice Sensabaugh,1610612762,UTA,,89.06,3.795,0.817,24,102,75,10fb31840cfed63fdbbbffe30468b26312b1d07a90588522b24d5a514ed7ed4f,
2025-26,Regular Season,201566,Russell Westbrook,839,64,SAC,1610612758,ok,200,Russell Westbrook,1610612758,SAC,,79.289,5.392,0.804,122,34,98,209f4b2557ffb45ed4748bdf6287e47c1326fc491b27516cda699bc6e5786902,
2025-26,Regular Season,203952,Andrew Wiggins,821,68,MIA,1610612748,ok,200,Andrew Wiggins,1610612748,MIA,,91.761,4.364,0.83,4,81,47,3a62dc44ce7b986965f369f85643e22b0034cb109ab9733b4b569c16accefca0,
2025-26,Regular Season,1642264,Stephon Castle,817,68,SAS,1610612759,ok,200,Stephon Castle,1610612759,SAS,,84.445,5.124,0.826,91,47,55,9f11ebfae6ff58de7d2ebdc7b8f039158ecb0ac545a6c6e1a1cb11a0ad78a2b8,
2025-26,Regular Season,1629628,RJ Barrett,816,57,TOR,1610612761,ok,200,RJ Barrett,1610612761,TOR,,86.304,5.474,0.817,64,32,76,9591e2564767da5ac423859dcf65e681235c344d81f30ea39f0bd7ecb8d1c82d,
2025-26,Regular Season,1628374,Lauri Markkanen,805,42,UTA,1610612762,ok,200,Lauri Markkanen,1610612762,UTA,,89.494,4.312,0.83,18,83,48,0c92e12521b388adc0a6925ac7ced030a1dbae6100380e2970d1ec664326dfc3,
2025-26,Regular Season,1628384,OG Anunoby,804,67,NYK,1610612752,ok,200,OG Anunoby,1610612752,NYK,,86.938,4.291,0.801,55,85,103,87c4be28e0d027b237f9daea232e98216bc177e5448917793a1c6a3078f1a424,
2025-26,Regular Season,201939,Stephen Curry,799,43,GSW,1610612744,ok,200,Stephen Curry,1610612744,GSW,,79.887,4.672,0.813,121,72,88,9433a46dab537022251901a8c44ee54de47874c0e4f935b259d5604e2e5f90a4,
2025-26,Regular Season,1629640,Keldon Johnson,797,82,SAS,1610612759,ok,200,Keldon Johnson,1610612759,SAS,,89.177,4.306,0.834,23,84,41,23ad18a5ec4adc4c2f6571af56487b323100d992d946194deca3bb4ef4449216,
2025-26,Regular Season,203501,Tim Hardaway Jr.,779,80,DEN,1610612743,ok,200,Tim Hardaway Jr.,1610612743,DEN,,87.158,3.133,0.813,53,121,89,efd36027f0dd1419539a7e2eb9dacbfd625681719a114caf4884b55c1093ef85,
2025-26,Regular Season,1630700,Dyson Daniels,777,76,ATL,1610612737,ok,200,Dyson Daniels,1610612737,ATL,,83.935,7.0,0.816,98,6,80,def68fba95704dc9a8e09cd3cc8b856effccf47e8bdd15a9cd85078a64e244de,
2025-26,Regular Season,1641710,Anthony Black,772,64,ORL,1610612753,ok,200,Anthony Black,1610612753,ORL,,82.629,5.58,0.796,106,26,111,b0dcf459fce24c3177c0cba088f2f4721b654cf79d3e3787b9d72e034c937691,
2025-26,Regular Season,1630170,Devin Vassell,755,67,SAS,1610612759,ok,200,Devin Vassell,1610612759,SAS,,90.266,3.704,0.815,11,105,83,9353a784cf76e2ace058db5f8d6d5af9cb0fae73fb0de39954e738606dfe3648,
2025-26,Regular Season,1629656,Quentin Grimes,755,75,PHI,1610612755,ok,200,Quentin Grimes,1610612755,PHI,,86.258,5.761,0.807,66,20,93,9c07e50bcbf127fea7d199684097a9383628097e73b32b9a45a3f927fafe894f,
2025-26,Regular Season,1626171,Bobby Portis Jr.,750,67,MIL,1610612749,ok,200,Bobby Portis,1610612749,MIL,,89.027,3.23,0.833,25,119,43,d7f159f38e129dbea0d9c22b59ea1811f35ed47f6bc86ab1e285d38e809c2b33,
2025-26,Regular Season,1642852,Derik Queen,748,81,NOP,1610612740,ok,200,Derik Queen,1610612740,NOP,,88.484,5.197,0.852,29,43,15,9b41a4666a8ca9c89a58cd79b8f39c05c8e69519a4bb781ff02daf45922bccc4,
2025-26,Regular Season,1629012,Collin Sexton,742,68,CHA|CHI,1610612741|1610612766,ok,200,Collin Sexton,1610612741,CHI,,86.298,5.656,0.82,65,23,69,487e0423f02c5328eef2dde48c486d7a7d9100f3ec4919f796ca7ca3d402d3d2,
2025-26,Regular Season,1642267,Bub Carrington,741,82,WAS,1610612764,ok,200,Bub Carrington,1610612764,WAS,,87.357,3.547,0.807,44,113,94,911171336c6190c727f232c7d2daecc8b0d45e7f6c2022f5bfc3ca279b4f2fe3,
2025-26,Regular Season,1641716,Jarace Walker,733,76,IND,1610612754,ok,200,Jarace Walker,1610612754,IND,,88.301,4.833,0.821,33,59,61,a0b8782de43f897e0550354ae956a667eb2d8eeaa82ad49c24d1486690788d73,
2025-26,Regular Season,1631108,Max Christie,725,77,DAL,1610612742,ok,200,Max Christie,1610612742,DAL,,90.417,4.034,0.803,10,96,99,f44152f070236f4793a672205b6a9f978327b629565b99c57e6381df8abfedff,
2025-26,Regular Season,1628991,Jaren Jackson Jr.,719,48,MEM|UTA,1610612762|1610612763,ok,200,Jaren Jackson Jr.,1610612762,UTA,,87.84,5.054,0.838,40,51,36,46c02e9b7736080cc6b7dfbaa312f8580bfb2b8c6946ec17628d9df7ecca1a32,
2025-26,Regular Season,201950,Jrue Holiday,709,53,POR,1610612757,ok,200,Jrue Holiday,1610612757,POR,,83.086,4.339,0.815,104,82,85,d8442aad2a000f3fc98473a20f16025d5ea0492e9bc7284bb3404e5d0e7fe5ca,
2025-26,Regular Season,1629130,Duncan Robinson,698,77,DET,1610612765,ok,200,Duncan Robinson,1610612765,DET,,85.45,3.289,0.794,77,116,114,5588edc2a77ad061aa25773e3ef6a32aaabfe5642fc2350a140ba6f46ffd9a34,
2025-26,Regular Season,1642377,Jaylen Wells,698,69,MEM,1610612763,ok,200,Jaylen Wells,1610612763,MEM,,84.065,3.604,0.798,97,108,108,1734717199a43462b05778ef9c1dcdf6e7bb1bde3b93f0feace9758ead58a461,
2025-26,Regular Season,1630577,Julian Champagnie,689,82,SAS,1610612759,ok,200,Julian Champagnie,1610612759,SAS,,87.335,3.445,0.794,45,114,115,d8202f936c8679c527cf8ab38c6d8713b1c7ff5cdd436af79f2a1b30d0ddb382,
2025-26,Regular Season,1628398,Kyle Kuzma,689,69,MIL,1610612749,ok,200,Kyle Kuzma,1610612749,MIL,,86.628,6.004,0.819,60,14,70,4290a74f46065c388b3225bcc3d95adc6c579a87da6ff0012c9b8284f8fca9a8,
2025-26,Regular Season,1642270,Donovan Clingan,684,77,POR,1610612757,ok,200,Donovan Clingan,1610612757,POR,,84.573,2.933,0.813,89,125,87,1ad0be62a7d132bf7580934f14793734e3abc8160964286820a9e397d92a03e4,
2025-26,Regular Season,1629636,Darius Garland,672,45,CLE|LAC,1610612739|1610612746,ok,200,Darius Garland,1610612746,LAC,,80.313,5.618,0.796,120,24,113,3a3403e1300ec958de292181a16fe5714bf44e541b30ce73a7cecd48b434fe3a,
2025-26,Regular Season,1642875,Maxime Raynaud,671,74,SAC,1610612758,ok,200,Maxime Raynaud,1610612758,SAC,,84.868,4.436,0.824,85,78,56,c26e777363977794b5dbd1d054bac1309f3c5b029a886bf5817364aaa6dbe9ae,
2025-26,Regular Season,1642281,Jaylon Tyson,670,66,CLE,1610612739,ok,200,Jaylon Tyson,1610612739,CLE,,82.359,4.882,0.801,109,58,101,db02428ba6d02d5c7bb19fedf0024602400252b20533cc6041cf7be8580cbf92,
2025-26,Regular Season,202699,Tobias Harris,659,63,DET,1610612765,ok,200,Tobias Harris,1610612765,DET,,86.383,4.68,0.816,63,71,81,93eaa55c5fec8d5c036a1ae578668283e51bedba64e2a04cfca2ba567d52f59b,
2025-26,Regular Season,1642844,Dylan Harper,656,69,SAS,1610612759,ok,200,Dylan Harper,1610612759,SAS,,85.116,6.03,0.817,83,12,73,b19145eff96b24e7b9bf34235b60b1e30bab84dae83ffc8bbde69ce45f07d708,
2025-26,Regular Season,1642276,Kel'el Ware,649,77,MIA,1610612748,ok,200,Kel'el Ware,1610612748,MIA,,87.909,2.947,0.834,37,124,42,ad21937a738b69d8117bf98441895fc761f2e1a5f1237b48b6079eabed2789cf,
2025-26,Regular Season,1628976,Wendell Carter Jr.,637,78,ORL,1610612753,ok,200,Wendell Carter Jr.,1610612753,ORL,,84.107,3.166,0.8,95,120,104,32b1ad3041ddb846f7067b204569252c80039c75deb8654434901d88a69fba95,
2025-26,Regular Season,1630572,Sandro Mamukelashvili,631,80,TOR,1610612761,ok,200,Sandro Mamukelashvili,1610612761,TOR,,84.153,4.782,0.772,94,63,123,78b30d374e9310291f8a2f4a038fd4e1312293f81f680656f6566c25635cd471,
2025-26,Regular Season,1630200,Tre Jones,617,65,CHI,1610612741,ok,200,Tre Jones,1610612741,CHI,,86.502,9.037,0.821,62,1,62,b8d3944b7203561c43b8b4af58adcf9059e598217e1665d9134f15c9af7c5203,
2025-26,Regular Season,203507,Giannis Antetokounmpo,598,36,MIL,1610612749,ok,200,Giannis Antetokounmpo,1610612749,MIL,,87.171,6.376,0.848,52,9,23,e300ac3ae08e7a9031b867eb1e0bda9b35ad54940c5363392a5ab32ad3c7ecb9,
2025-26,Regular Season,1630173,Precious Achiuwa,598,73,SAC,1610612758,ok,200,Precious Achiuwa,1610612758,SAC,,88.392,4.769,0.843,30,65,30,46d77914514ee5d0fd5c231a13d2b3326edf0a9e7dd45062c6773f7178b18642,
2025-26,Regular Season,1629060,Rui Hachimura,597,68,LAL,1610612747,ok,200,Rui Hachimura,1610612747,LAL,,88.556,3.038,0.788,28,123,118,68a947235ef0ad9f0e241cce5e1a93176a1c33233d8a5f51dab6830e6ddb0310,
2025-26,Regular Season,1641709,Ausar Thompson,577,73,DET,1610612765,ok,200,Ausar Thompson,1610612765,DET,,86.077,6.242,0.829,69,10,52,2a22324ad19e345b959704377ccf0153e86b9365d80ab2da3e3951eac1182208,
2025-26,Regular Season,1629674,Neemias Queta,499,76,BOS,1610612738,ok,200,Neemias Queta,1610612738,BOS,,85.538,4.918,0.846,75,55,26,e9c573795f19c4cf64fb2dd42e89ffec6232cc147d963df5b9b74c3cd03693bf,
2025-26,Regular Season,1629029,Luka Dončić,1457,64,LAL,1610612747,error,,,,,,,,,,,,,"RuntimeError('HTTP 403 <HTML><HEAD>\n<TITLE>Access Denied</TITLE>\n</HEAD><BODY>\n<H1>Access Denied</H1>\n \nYou don\'t have permission to access ""http&#58;&#47;&#47;failover&#45;waf&#46;nba&#46;com&#47;error&#45;pages&#47;gleagu')"
2025-26,Regular Season,1628378,Donovan Mitchell,1403,70,CLE,1610612739,error,,,,,,,,,,,,,"RuntimeError('HTTP 403 <HTML><HEAD>\n<TITLE>Access Denied</TITLE>\n</HEAD><BODY>\n<H1>Access Denied</H1>\n \nYou don\'t have permission to access ""http&#58;&#47;&#47;failover&#45;waf&#46;nba&#46;com&#47;error&#45;pages&#47;gleagu')"
2025-26,Regular Season,1627750,Jamal Murray,1360,75,DEN,1610612743,error,,,,,,,,,,,,,"RuntimeError('HTTP 403 <HTML><HEAD>\n<TITLE>Access Denied</TITLE>\n</HEAD><BODY>\n<H1>Access Denied</H1>\n \nYou don\'t have permission to access ""http&#58;&#47;&#47;failover&#45;waf&#46;nba&#46;com&#47;error&#45;pages&#47;gleagu')"
2025-26,Regular Season,1628983,Shai Gilgeous-Alexander,1321,68,OKC,1610612760,error,,,,,,,,,,,,,"RuntimeError('HTTP 403 <HTML><HEAD>\n<TITLE>Access Denied</TITLE>\n</HEAD><BODY>\n<H1>Access Denied</H1>\n \nYou don\'t have permission to access ""http&#58;&#47;&#47;failover&#45;waf&#46;nba&#46;com&#47;error&#45;pages&#47;gleagu')"
2025-26,Regular Season,203944,Julius Randle,1207,79,MIN,1610612750,error,,,,,,,,,,,,,"RuntimeError('HTTP 403 <HTML><HEAD>\n<TITLE>Access Denied</TITLE>\n</HEAD><BODY>\n<H1>Access Denied</H1>\n \nYou don\'t have permission to access ""http&#58;&#47;&#47;failover&#45;waf&#46;nba&#46;com&#47;error&#45;pages&#47;gleagu')"
2025-26,Regular Season,1626164,Devin Booker,1198,64,PHX,1610612756,error,,,,,,,,,,,,,"RuntimeError('HTTP 403 <HTML><HEAD>\n<TITLE>Access Denied</TITLE>\n</HEAD><BODY>\n<H1>Access Denied</H1>\n \nYou don\'t have permission to access ""http&#58;&#47;&#47;failover&#45;waf&#46;nba&#46;com&#47;error&#45;pages&#47;gleagu')"
2025-26,Regular Season,1629638,Nickeil Alexander-Walker,1195,78,ATL,1610612737,error,,,,,,,,,,,,,"RuntimeError('HTTP 403 <HTML><HEAD>\n<TITLE>Access Denied</TITLE>\n</HEAD><BODY>\n<H1>Access Denied</H1>\n \nYou don\'t have permission to access ""http&#58;&#47;&#47;failover&#45;waf&#46;nba&#46;com&#47;error&#45;pages&#47;gleagu')"
2025-26,Regular Season,1627783,Pascal Siakam,1155,62,IND,1610612754,error,,,,,,,,,,,,,"RuntimeError('HTTP 403 <HTML><HEAD>\n<TITLE>Access Denied</TITLE>\n</HEAD><BODY>\n<H1>Access Denied</H1>\n \nYou don\'t have permission to access ""http&#58;&#47;&#47;failover&#45;waf&#46;nba&#46;com&#47;error&#45;pages&#47;gleagu')"
2025-26,Regular Season,1631094,Paolo Banchero,1152,72,ORL,1610612753,error,,,,,,,,,,,,,"RuntimeError('HTTP 403 <HTML><HEAD>\n<TITLE>Access Denied</TITLE>\n</HEAD><BODY>\n<H1>Access Denied</H1>\n \nYou don\'t have permission to access ""http&#58;&#47;&#47;failover&#45;waf&#46;nba&#46;com&#47;error&#45;pages&#47;gleagu')"
2025-26,Regular Season,1630530,Trey Murphy III,1050,66,NOP,1610612740,error,,,,,,,,,,,,,"RuntimeError('HTTP 403 <HTML><HEAD>\n<TITLE>Access Denied</TITLE>\n</HEAD><BODY>\n<H1>Access Denied</H1>\n \nYou don\'t have permission to access ""http&#58;&#47;&#47;failover&#45;waf&#46;nba&#46;com&#47;error&#45;pages&#47;gleagu')"
2025-26,Regular Season,1641708,Amen Thompson,1044,79,HOU,1610612745,error,,,,,,,,,,,,,"RuntimeError('HTTP 403 <HTML><HEAD>\n<TITLE>Access Denied</TITLE>\n</HEAD><BODY>\n<H1>Access Denied</H1>\n \nYou don\'t have permission to access ""http&#58;&#47;&#47;failover&#45;waf&#46;nba&#46;com&#47;error&#45;pages&#47;gleagu')"
2025-26,Regular Season,1631157,Ryan Rollins,1030,74,MIL,1610612749,error,,,,,,,,,,,,,"RuntimeError('HTTP 403 <HTML><HEAD>\n<TITLE>Access Denied</TITLE>\n</HEAD><BODY>\n<H1>Access Denied</H1>\n \nYou don\'t have permission to access ""http&#58;&#47;&#47;failover&#45;waf&#46;nba&#46;com&#47;error&#45;pages&#47;gleagu')"
2025-26,Regular Season,1642845,VJ Edgecombe,1030,75,PHI,1610612755,error,,,,,,,,,,,,,"RuntimeError('HTTP 403 <HTML><HEAD>\n<TITLE>Access Denied</TITLE>\n</HEAD><BODY>\n<H1>Access Denied</H1>\n \nYou don\'t have permission to access ""http&#58;&#47;&#47;failover&#45;waf&#46;nba&#46;com&#47;error&#45;pages&#47;gleagu')"
2025-26,Regular Season,201942,DeMar DeRozan,1005,77,SAC,1610612758,error,,,,,,,,,,,,,"RuntimeError('HTTP 403 <HTML><HEAD>\n<TITLE>Access Denied</TITLE>\n</HEAD><BODY>\n<H1>Access Denied</H1>\n \nYou don\'t have permission to access ""http&#58;&#47;&#47;failover&#45;waf&#46;nba&#46;com&#47;error&#45;pages&#47;gleagu')"
2025-26,Regular Season,1631095,Jabari Smith Jr.,974,77,HOU,1610612745,error,,,,,,,,,,,,,"RuntimeError('HTTP 403 <HTML><HEAD>\n<TITLE>Access Denied</TITLE>\n</HEAD><BODY>\n<H1>Access Denied</H1>\n \nYou don\'t have permission to access ""http&#58;&#47;&#47;failover&#45;waf&#46;nba&#46;com&#47;error&#45;pages&#47;gleagu')"
2025-26,Regular Season,1630180,Saddiq Bey,967,72,NOP,1610612740,error,,,,,,,,,,,,,"RuntimeError('HTTP 403 <HTML><HEAD>\n<TITLE>Access Denied</TITLE>\n</HEAD><BODY>\n<H1>Access Denied</H1>\n \nYou don\'t have permission to access ""http&#58;&#47;&#47;failover&#45;waf&#46;nba&#46;com&#47;error&#45;pages&#47;gleagu')"
2025-26,Regular Season,1628969,Mikal Bridges,963,82,NYK,1610612752,error,,,,,,,,,,,,,"RuntimeError('HTTP 403 <HTML><HEAD>\n<TITLE>Access Denied</TITLE>\n</HEAD><BODY>\n<H1>Access Denied</H1>\n \nYou don\'t have permission to access ""http&#58;&#47;&#47;failover&#45;waf&#46;nba&#46;com&#47;error&#45;pages&#47;gleagu')"
2025-26,Regular Season,1642263,Reed Sheppard,946,82,HOU,1610612745,error,,,,,,,,,,,,,"RuntimeError('HTTP 403 <HTML><HEAD>\n<TITLE>Access Denied</TITLE>\n</HEAD><BODY>\n<H1>Access Denied</H1>\n \nYou don\'t have permission to access ""http&#58;&#47;&#47;failover&#45;waf&#46;nba&#46;com&#47;error&#45;pages&#47;gleagu')"
2025-26,Regular Season,1631170,Jaime Jaquez Jr.,915,75,MIA,1610612748,error,,,,,,,,,,,,,"RuntimeError('HTTP 403 <HTML><HEAD>\n<TITLE>Access Denied</TITLE>\n</HEAD><BODY>\n<H1>Access Denied</H1>\n \nYou don\'t have permission to access ""http&#58;&#47;&#47;failover&#45;waf&#46;nba&#46;com&#47;error&#45;pages&#47;gleagu')"
2025-26,Regular Season,1629675,Naz Reid,871,77,MIN,1610612750,error,,,,,,,,,,,,,"RuntimeError('HTTP 403 <HTML><HEAD>\n<TITLE>Access Denied</TITLE>\n</HEAD><BODY>\n<H1>Access Denied</H1>\n \nYou don\'t have permission to access ""http&#58;&#47;&#47;failover&#45;waf&#46;nba&#46;com&#47;error&#45;pages&#47;gleagu')"
2025-26,Regular Season,1631221,Collin Gillespie,842,80,PHX,1610612756,error,,,,,,,,,,,,,"RuntimeError('HTTP 403 <HTML><HEAD>\n<TITLE>Access Denied</TITLE>\n</HEAD><BODY>\n<H1>Access Denied</H1>\n \nYou don\'t have permission to access ""http&#58;&#47;&#47;failover&#45;waf&#46;nba&#46;com&#47;error&#45;pages&#47;gleagu')"
2025-26,Regular Season,1628978,Donte DiVincenzo,835,82,MIN,1610612750,error,,,,,,,,,,,,,"RuntimeError('HTTP 403 <HTML><HEAD>\n<TITLE>Access Denied</TITLE>\n</HEAD><BODY>\n<H1>Access Denied</H1>\n \nYou don\'t have permission to access ""http&#58;&#47;&#47;failover&#45;waf&#46;nba&#46;com&#47;error&#45;pages&#47;gleagu')"
2025-26,Regular Season,1630230,Naji Marshall,821,74,DAL,1610612742,error,,,,,,,,,,,,,"RuntimeError('HTTP 403 <HTML><HEAD>\n<TITLE>Access Denied</TITLE>\n</HEAD><BODY>\n<H1>Access Denied</H1>\n \nYou don\'t have permission to access ""http&#58;&#47;&#47;failover&#45;waf&#46;nba&#46;com&#47;error&#45;pages&#47;gleagu')"
2025-26,Regular Season,1630183,Jaden McDaniels,809,73,MIN,1610612750,error,,,,,,,,,,,,,"RuntimeError('HTTP 403 <HTML><HEAD>\n<TITLE>Access Denied</TITLE>\n</HEAD><BODY>\n<H1>Access Denied</H1>\n \nYou don\'t have permission to access ""http&#58;&#47;&#47;failover&#45;waf&#46;nba&#46;com&#47;error&#45;pages&#47;gleagu')"
2025-26,Regular Season,1629627,Zion Williamson,807,62,NOP,1610612740,error,,,,,,,,,,,,,"RuntimeError('HTTP 403 <HTML><HEAD>\n<TITLE>Access Denied</TITLE>\n</HEAD><BODY>\n<H1>Access Denied</H1>\n \nYou don\'t have permission to access ""http&#58;&#47;&#47;failover&#45;waf&#46;nba&#46;com&#47;error&#45;pages&#47;gleagu')"
2025-26,Regular Season,1631105,Jalen Duren,803,70,DET,1610612765,error,,,,,,,,,,,,,"RuntimeError('HTTP 403 <HTML><HEAD>\n<TITLE>Access Denied</TITLE>\n</HEAD><BODY>\n<H1>Access Denied</H1>\n \nYou don\'t have permission to access ""http&#58;&#47;&#47;failover&#45;waf&#46;nba&#46;com&#47;error&#45;pages&#47;gleagu')"
2025-26,Regular Season,202696,Nikola Vučević,799,64,BOS|CHI,1610612738|1610612741,error,,,,,,,,,,,,,"RuntimeError('HTTP 403 <HTML><HEAD>\n<TITLE>Access Denied</TITLE>\n</HEAD><BODY>\n<H1>Access Denied</H1>\n \nYou don\'t have permission to access ""http&#58;&#47;&#47;failover&#45;waf&#46;nba&#46;com&#47;error&#45;pages&#47;gleagu')"
2025-26,Regular Season,1631096,Chet Holmgren,779,69,OKC,1610612760,error,,,,,,,,,,,,,"RuntimeError('HTTP 403 <HTML><HEAD>\n<TITLE>Access Denied</TITLE>\n</HEAD><BODY>\n<H1>Access Denied</H1>\n \nYou don\'t have permission to access ""http&#58;&#47;&#47;failover&#45;waf&#46;nba&#46;com&#47;error&#45;pages&#47;gleagu')"
2025-26,Regular Season,1630559,Austin Reaves,762,51,LAL,1610612747,error,,,,,,,,,,,,,"RuntimeError('HTTP 403 <HTML><HEAD>\n<TITLE>Access Denied</TITLE>\n</HEAD><BODY>\n<H1>Access Denied</H1>\n \nYou don\'t have permission to access ""http&#58;&#47;&#47;failover&#45;waf&#46;nba&#46;com&#47;error&#45;pages&#47;gleagu')"
2025-26,Regular Season,1629614,Andrew Nembhard,753,57,IND,1610612754,error,,,,,,,,,,,,,"RuntimeError('HTTP 403 <HTML><HEAD>\n<TITLE>Access Denied</TITLE>\n</HEAD><BODY>\n<H1>Access Denied</H1>\n \nYou don\'t have permission to access ""http&#58;&#47;&#47;failover&#45;waf&#46;nba&#46;com&#47;error&#45;pages&#47;gleagu')"
2025-26,Regular Season,1630245,Ayo Dosunmu,747,69,CHI|MIN,1610612741|1610612750,error,,,,,,,,,,,,,"RuntimeError('HTTP 403 <HTML><HEAD>\n<TITLE>Access Denied</TITLE>\n</HEAD><BODY>\n<H1>Access Denied</H1>\n \nYou don\'t have permission to access ""http&#58;&#47;&#47;failover&#45;waf&#46;nba&#46;com&#47;error&#45;pages&#47;gleagu')"
2025-26,Regular Season,203924,Jerami Grant,730,57,POR,1610612757,error,,,,,,,,,,,,,"RuntimeError('HTTP 403 <HTML><HEAD>\n<TITLE>Access Denied</TITLE>\n</HEAD><BODY>\n<H1>Access Denied</H1>\n \nYou don\'t have permission to access ""http&#58;&#47;&#47;failover&#45;waf&#46;nba&#46;com&#47;error&#45;pages&#47;gleagu')"
2025-26,Regular Season,202691,Klay Thompson,728,69,DAL,1610612742,no_metric_row,200,,,,,,,,,,,,
2025-26,Regular Season,1630581,Josh Giddey,717,54,CHI,1610612741,error,,,,,,,,,,,,,"RuntimeError('HTTP 403 <HTML><HEAD>\n<TITLE>Access Denied</TITLE>\n</HEAD><BODY>\n<H1>Access Denied</H1>\n \nYou don\'t have permission to access ""http&#58;&#47;&#47;failover&#45;waf&#46;nba&#46;com&#47;error&#45;pages&#47;gleagu')"
2025-26,Regular Season,203954,Joel Embiid,697,38,PHI,1610612755,error,,,,,,,,,,,,,"RuntimeError('HTTP 403 <HTML><HEAD>\n<TITLE>Access Denied</TITLE>\n</HEAD><BODY>\n<H1>Access Denied</H1>\n \nYou don\'t have permission to access ""http&#58;&#47;&#47;failover&#45;waf&#46;nba&#46;com&#47;error&#45;pages&#47;gleagu')"
2025-26,Regular Season,1631097,Bennedict Mathurin,677,54,IND|LAC,1610612746|1610612754,no_metric_row,200,,,,,,,,,,,,
2025-26,Regular Season,1628960,Grayson Allen,667,51,PHX,1610612756,no_metric_row,200,,,,,,,,,,,,
2025-26,Regular Season,1628381,John Collins,659,69,LAC,1610612746,error,,,,,,,,,,,,,"RuntimeError('HTTP 403 <HTML><HEAD>\n<TITLE>Access Denied</TITLE>\n</HEAD><BODY>\n<H1>Access Denied</H1>\n \nYou don\'t have permission to access ""http&#58;&#47;&#47;failover&#45;waf&#46;nba&#46;com&#47;error&#45;pages&#47;gleagu')"
2025-26,Regular Season,1629023,P.J. Washington,658,56,DAL,1610612742,error,,,,,,,,,,,,,"RuntimeError('HTTP 403 <HTML><HEAD>\n<TITLE>Access Denied</TITLE>\n</HEAD><BODY>\n<H1>Access Denied</H1>\n \nYou don\'t have permission to access ""http&#58;&#47;&#47;failover&#45;waf&#46;nba&#46;com&#47;error&#45;pages&#47;gleagu')"
2025-26,Regular Season,1642271,Kyle Filipowski,657,77,UTA,1610612762,error,,,,,,,,,,,,,"RuntimeError('HTTP 403 <HTML><HEAD>\n<TITLE>Access Denied</TITLE>\n</HEAD><BODY>\n<H1>Access Denied</H1>\n \nYou don\'t have permission to access ""http&#58;&#47;&#47;failover&#45;waf&#46;nba&#46;com&#47;error&#45;pages&#47;gleagu')"
2025-26,Regular Season,1642259,Alex Sarr,656,48,WAS,1610612764,error,,,,,,,,,,,,,"RuntimeError('HTTP 403 <HTML><HEAD>\n<TITLE>Access Denied</TITLE>\n</HEAD><BODY>\n<H1>Access Denied</H1>\n \nYou don\'t have permission to access ""http&#58;&#47;&#47;failover&#45;waf&#46;nba&#46;com&#47;error&#45;pages&#47;gleagu')"
2025-26,Regular Season,1630591,Jalen Suggs,649,57,ORL,1610612753,no_metric_row,200,,,,,,,,,,,,
2025-26,Regular Season,1629014,Anfernee Simons,648,55,BOS|CHI,1610612738|1610612741,no_metric_row,200,,,,,,,,,,,,
2025-26,Regular Season,1642907,Cedric Coward,648,62,MEM,1610612763,error,,,,,,,,,,,,,"RuntimeError('HTTP 403 <HTML><HEAD>\n<TITLE>Access Denied</TITLE>\n</HEAD><BODY>\n<H1>Access Denied</H1>\n \nYou don\'t have permission to access ""http&#58;&#47;&#47;failover&#45;waf&#46;nba&#46;com&#47;error&#45;pages&#47;gleagu')"
2025-26,Regular Season,1642848,Tre Johnson,647,60,WAS,1610612764,error,,,,,,,,,,,,,"RuntimeError('HTTP 403 <HTML><HEAD>\n<TITLE>Access Denied</TITLE>\n</HEAD><BODY>\n<H1>Access Denied</H1>\n \nYou don\'t have permission to access ""http&#58;&#47;&#47;failover&#45;waf&#46;nba&#46;com&#47;error&#45;pages&#47;gleagu')"
2025-26,Regular Season,1626167,Myles Turner,646,71,MIL,1610612749,no_metric_row,200,,,,,,,,,,,,
2025-26,Regular Season,1628370,Malik Monk,632,62,SAC,1610612758,error,,,,,,,,,,,,,"RuntimeError('HTTP 403 <HTML><HEAD>\n<TITLE>Access Denied</TITLE>\n</HEAD><BODY>\n<H1>Access Denied</H1>\n \nYou don\'t have permission to access ""http&#58;&#47;&#47;failover&#45;waf&#46;nba&#46;com&#47;error&#45;pages&#47;gleagu')"
2025-26,Regular Season,1641730,Noah Clowney,631,66,BKN,1610612751,error,,,,,,,,,,,,,"RuntimeError('HTTP 403 <HTML><HEAD>\n<TITLE>Access Denied</TITLE>\n</HEAD><BODY>\n<H1>Access Denied</H1>\n \nYou don\'t have permission to access ""http&#58;&#47;&#47;failover&#45;waf&#46;nba&#46;com&#47;error&#45;pages&#47;gleagu')"
2025-26,Regular Season,203471,Dennis Schröder,629,70,CLE|SAC,1610612739|1610612758,no_metric_row,200,,,,,,,,,,,,
2025-26,Regular Season,1626220,Royce O'Neale,625,78,PHX,1610612756,no_metric_row,200,,,,,,,,,,,,
2025-26,Regular Season,1629632,Coby White,623,50,CHA|CHI,1610612741|1610612766,no_metric_row,200,,,,,,,,,,,,
2025-26,Regular Season,1641783,Tristan da Silva,620,77,ORL,1610612753,no_metric_row,200,,,,,,,,,,,,
2025-26,Regular Season,1631260,AJ Green,618,78,MIL,1610612749,no_metric_row,200,,,,,,,,,,,,
2025-26,Regular Season,1642860,Will Riley,618,74,WAS,1610612764,no_metric_row,200,,,,,,,,,,,,
2025-26,Regular Season,1630314,Brandon Williams,617,66,DAL,1610612742,error,,,,,,,,,,,,,"RuntimeError('HTTP 403 <HTML><HEAD>\n<TITLE>Access Denied</TITLE>\n</HEAD><BODY>\n<H1>Access Denied</H1>\n \nYou don\'t have permission to access ""http&#58;&#47;&#47;failover&#45;waf&#46;nba&#46;com&#47;error&#45;pages&#47;gleagu')"
2025-26,Regular Season,1630643,Jay Huff,611,82,IND,1610612754,error,,,,,,,,,,,,,"RuntimeError('HTTP 403 <HTML><HEAD>\n<TITLE>Access Denied</TITLE>\n</HEAD><BODY>\n<H1>Access Denied</H1>\n \nYou don\'t have permission to access ""http&#58;&#47;&#47;failover&#45;waf&#46;nba&#46;com&#47;error&#45;pages&#47;gleagu')"
2025-26,Regular Season,1629028,Deandre Ayton,601,72,LAL,1610612747,error,,,,,,,,,,,,,"RuntimeError('HTTP 403 <HTML><HEAD>\n<TITLE>Access Denied</TITLE>\n</HEAD><BODY>\n<H1>Access Denied</H1>\n \nYou don\'t have permission to access ""http&#58;&#47;&#47;failover&#45;waf&#46;nba&#46;com&#47;error&#45;pages&#47;gleagu')"
2025-26,Regular Season,1630573,Sam Hauser,601,78,BOS,1610612738,no_metric_row,200,,,,,,,,,,,,
2025-26,Regular Season,1628989,Kevin Huerter,596,69,CHI|DET,1610612741|1610612765,no_metric_row,200,,,,,,,,,,,,
2025-26,Regular Season,1642363,Nique Clifford,596,75,SAC,1610612758,no_metric_row,200,,,,,,,,,,,,
2025-26,Regular Season,1628404,Josh Hart,592,66,NYK,1610612752,error,,,,,,,,,,,,,"RuntimeError('HTTP 403 <HTML><HEAD>\n<TITLE>Access Denied</TITLE>\n</HEAD><BODY>\n<H1>Access Denied</H1>\n \nYou don\'t have permission to access ""http&#58;&#47;&#47;failover&#45;waf&#46;nba&#46;com&#47;error&#45;pages&#47;gleagu')"
2025-26,Regular Season,1642349,Ajay Mitchell,590,57,OKC,1610612760,error,,,,,,,,,,,,,"RuntimeError('HTTP 403 <HTML><HEAD>\n<TITLE>Access Denied</TITLE>\n</HEAD><BODY>\n<H1>Access Denied</H1>\n \nYou don\'t have permission to access ""http&#58;&#47;&#47;failover&#45;waf&#46;nba&#46;com&#47;error&#45;pages&#47;gleagu')"
2025-26,Regular Season,1641717,Cason Wallace,584,77,OKC,1610612760,error,,,,,,,,,,,,,"RuntimeError('HTTP 403 <HTML><HEAD>\n<TITLE>Access Denied</TITLE>\n</HEAD><BODY>\n<H1>Access Denied</H1>\n \nYou don\'t have permission to access ""http&#58;&#47;&#47;failover&#45;waf&#46;nba&#46;com&#47;error&#45;pages&#47;gleagu')"
2025-26,Regular Season,1629651,Nic Claxton,583,69,BKN,1610612751,error,,,,,,,,,,,,,"RuntimeError('HTTP 403 <HTML><HEAD>\n<TITLE>Access Denied</TITLE>\n</HEAD><BODY>\n<H1>Access Denied</H1>\n \nYou don\'t have permission to access ""http&#58;&#47;&#47;failover&#45;waf&#46;nba&#46;com&#47;error&#45;pages&#47;gleagu')"
2025-26,Regular Season,1631212,Peyton Watson,581,54,DEN,1610612743,error,,,,,,,,,,,,,"RuntimeError('HTTP 403 <HTML><HEAD>\n<TITLE>Access Denied</TITLE>\n</HEAD><BODY>\n<H1>Access Denied</H1>\n \nYou don\'t have permission to access ""http&#58;&#47;&#47;failover&#45;waf&#46;nba&#46;com&#47;error&#45;pages&#47;gleagu')"
2025-26,Regular Season,1631106,Tari Eason,580,60,HOU,1610612745,no_metric_row,200,,,,,,,,,,,,
2025-26,Regular Season,1642273,Kyshawn George,577,48,WAS,1610612764,no_metric_row,200,,,,,,,,,,,,
2025-26,Regular Season,203084,Harrison Barnes,575,77,SAS,1610612759,no_metric_row,200,,,,,,,,,,,,
2025-26,Regular Season,1642450,Daniss Jenkins,568,72,DET,1610612765,no_metric_row,200,,,,,,,,,,,,
2025-26,Regular Season,1641796,Pelle Larsson,559,70,MIA,1610612748,error,,,,,,,,,,,,,"RuntimeError('HTTP 403 <HTML><HEAD>\n<TITLE>Access Denied</TITLE>\n</HEAD><BODY>\n<H1>Access Denied</H1>\n \nYou don\'t have permission to access ""http&#58;&#47;&#47;failover&#45;waf&#46;nba&#46;com&#47;error&#45;pages&#47;gleagu')"
2025-26,Regular Season,1630541,Moses Moody,557,60,GSW,1610612744,no_metric_row,200,,,,,,,,,,,,
2025-26,Regular Season,1642285,Cam Spencer,556,72,MEM,1610612763,error,,,,,,,,,,,,,"RuntimeError('HTTP 403 <HTML><HEAD>\n<TITLE>Access Denied</TITLE>\n</HEAD><BODY>\n<H1>Access Denied</H1>\n \nYou don\'t have permission to access ""http&#58;&#47;&#47;failover&#45;waf&#46;nba&#46;com&#47;error&#45;pages&#47;gleagu')"
2025-26,Regular Season,1630692,Jordan Goodwin,555,70,PHX,1610612756,error,,,,,,,,,,,,,"RuntimeError('HTTP 403 <HTML><HEAD>\n<TITLE>Access Denied</TITLE>\n</HEAD><BODY>\n<H1>Access Denied</H1>\n \nYou don\'t have permission to access ""http&#58;&#47;&#47;failover&#45;waf&#46;nba&#46;com&#47;error&#45;pages&#47;gleagu')"
2025-26,Regular Season,1629111,Jock Landale,548,68,ATL|MEM,1610612737|1610612763,error,,,,,,,,,,,,,"RuntimeError('HTTP 403 <HTML><HEAD>\n<TITLE>Access Denied</TITLE>\n</HEAD><BODY>\n<H1>Access Denied</H1>\n \nYou don\'t have permission to access ""http&#58;&#47;&#47;failover&#45;waf&#46;nba&#46;com&#47;error&#45;pages&#47;gleagu')"
2025-26,Regular Season,203897,Zach LaVine,547,39,SAC,1610612758,no_metric_row,200,,,,,,,,,,,,
2025-26,Regular Season,1626162,Kelly Oubre Jr.,544,50,PHI,1610612755,no_metric_row,200,,,,,,,,,,,,
2025-26,Regular Season,1641842,Ronald Holland II,544,78,DET,1610612765,no_metric_row,200,,,,,,,,,,,,
2025-26,Regular Season,1630198,Isaiah Joe,543,71,OKC,1610612760,error,,,,,,,,,,,,,"RuntimeError('HTTP 403 <HTML><HEAD>\n<TITLE>Access Denied</TITLE>\n</HEAD><BODY>\n<H1>Access Denied</H1>\n \nYou don\'t have permission to access ""http&#58;&#47;&#47;failover&#45;waf&#46;nba&#46;com&#47;error&#45;pages&#47;gleagu')"
2025-26,Regular Season,201572,Brook Lopez,542,75,LAC,1610612746,no_metric_row,200,,,,,,,,,,,,
2025-26,Regular Season,1641731,Bilal Coulibaly,541,56,WAS,1610612764,no_metric_row,200,,,,,,,,,,,,
2025-26,Regular Season,203114,Khris Middleton,540,63,DAL|WAS,1610612742|1610612764,no_metric_row,200,,,,,,,,,,,,
2025-26,Regular Season,1630598,Aaron Wiggins,536,65,OKC,1610612760,no_metric_row,200,,,,,,,,,,,,
2025-26,Regular Season,1642258,Zaccharie Risacher,536,67,ATL,1610612737,no_metric_row,200,,,,,,,,,,,,
2025-26,Regular Season,1630558,Davion Mitchell,533,70,MIA,1610612748,error,,,,,,,,,,,,,"RuntimeError('HTTP 403 <HTML><HEAD>\n<TITLE>Access Denied</TITLE>\n</HEAD><BODY>\n<H1>Access Denied</H1>\n \nYou don\'t have permission to access ""http&#58;&#47;&#47;failover&#45;waf&#46;nba&#46;com&#47;error&#45;pages&#47;gleagu')"
2025-26,Regular Season,1629001,De'Anthony Melton,528,49,GSW,1610612744,no_metric_row,200,,,,,,,,,,,,
2025-26,Regular Season,1628386,Jarrett Allen,528,56,CLE,1610612739,error,,,,,,,,,,,,,"RuntimeError('HTTP 403 <HTML><HEAD>\n<TITLE>Access Denied</TITLE>\n</HEAD><BODY>\n<H1>Access Denied</H1>\n \nYou don\'t have permission to access ""http&#58;&#47;&#47;failover&#45;waf&#46;nba&#46;com&#47;error&#45;pages&#47;gleagu')"
2025-26,Regular Season,203903,Jordan Clarkson,526,72,NYK,1610612752,error,,,,,,,,,,,,,"RuntimeError('HTTP 403 <HTML><HEAD>\n<TITLE>Access Denied</TITLE>\n</HEAD><BODY>\n<H1>Access Denied</H1>\n \nYou don\'t have permission to access ""http&#58;&#47;&#47;failover&#45;waf&#46;nba&#46;com&#47;error&#45;pages&#47;gleagu')"
2025-26,Regular Season,1629652,Luguentz Dort,524,69,OKC,1610612760,no_metric_row,200,,,,,,,,,,,,
2025-26,Regular Season,1631222,Jake LaRavia,523,82,LAL,1610612747,no_metric_row,200,,,,,,,,,,,,
2025-26,Regular Season,1628971,Bruce Brown,522,82,DEN,1610612743,no_metric_row,200,,,,,,,,,,,,
2025-26,Regular Season,1642268,Isaiah Collier,515,59,UTA,1610612762,no_metric_row,200,,,,,,,,,,,,
2025-26,Regular Season,1629639,Tyler Herro,515,33,MIA,1610612748,no_metric_row,200,,,,,,,,,,,,
2025-26,Regular Season,1641713,GG Jackson,514,55,MEM,1610612763,error,,,,,,,,,,,,,"RuntimeError('HTTP 403 <HTML><HEAD>\n<TITLE>Access Denied</TITLE>\n</HEAD><BODY>\n<H1>Access Denied</H1>\n \nYou don\'t have permission to access ""http&#58;&#47;&#47;failover&#45;waf&#46;nba&#46;com&#47;error&#45;pages&#47;gleagu')"
2025-26,Regular Season,1629645,Kevin Porter Jr.,514,38,MIL,1610612749,no_metric_row,200,,,,,,,,,,,,
2025-26,Regular Season,202331,Paul George,513,37,PHI,1610612755,no_metric_row,200,,,,,,,,,,,,
2025-26,Regular Season,1630174,Aaron Nesmith,512,45,IND,1610612754,error,,,,,,,,,,,,,"RuntimeError('HTTP 403 <HTML><HEAD>\n<TITLE>Access Denied</TITLE>\n</HEAD><BODY>\n<H1>Access Denied</H1>\n \nYou don\'t have permission to access ""http&#58;&#47;&#47;failover&#45;waf&#46;nba&#46;com&#47;error&#45;pages&#47;gleagu')"
2025-26,Regular Season,1630224,Jalen Green,512,32,PHX,1610612756,error,,,,,,,,,,,,,"RuntimeError('HTTP 403 <HTML><HEAD>\n<TITLE>Access Denied</TITLE>\n</HEAD><BODY>\n<H1>Access Denied</H1>\n \nYou don\'t have permission to access ""http&#58;&#47;&#47;failover&#45;waf&#46;nba&#46;com&#47;error&#45;pages&#47;gleagu')"
2025-26,Regular Season,1642262,Cody Williams,509,67,UTA,1610612762,no_metric_row,200,,,,,,,,,,,,
2025-26,Regular Season,1630532,Franz Wagner,507,34,ORL,1610612753,no_metric_row,200,,,,,,,,,,,,
2025-26,Regular Season,1642347,Jamal Shead,504,82,TOR,1610612761,no_metric_row,200,,,,,,,,,,,,
2025-26,Regular Season,1629631,De'Andre Hunter,501,45,CLE|SAC,1610612739|1610612758,no_metric_row,200,,,,,,,,,,,,
2025-26,Regular Season,203110,Draymond Green,491,68,GSW,1610612744,no_metric_row,200,,,,,,,,,,,,
2025-26,Regular Season,203497,Rudy Gobert,491,76,MIN,1610612750,error,,,,,,,,,,,,,"RuntimeError('HTTP 403 <HTML><HEAD>\n<TITLE>Access Denied</TITLE>\n</HEAD><BODY>\n<H1>Access Denied</H1>\n \nYou don\'t have permission to access ""http&#58;&#47;&#47;failover&#45;waf&#46;nba&#46;com&#47;error&#45;pages&#47;gleagu')"
2025-26,Regular Season,1631126,Caleb Love,490,49,POR,1610612757,no_metric_row,200,,,,,,,,,,,,
2025-26,Regular Season,1630241,Sam Merrill,484,52,CLE,1610612739,error,,,,,,,,,,,,,"RuntimeError('HTTP 403 <HTML><HEAD>\n<TITLE>Access Denied</TITLE>\n</HEAD><BODY>\n<H1>Access Denied</H1>\n \nYou don\'t have permission to access ""http&#58;&#47;&#47;failover&#45;waf&#46;nba&#46;com&#47;error&#45;pages&#47;gleagu')"
2025-26,Regular Season,1627826,Ivica Zubac,482,48,IND|LAC,1610612746|1610612754,no_metric_row,200,,,,,,,,,,,,
2025-26,Regular Season,1642272,Jared McCain,480,67,OKC|PHI,1610612755|1610612760,no_metric_row,200,,,,,,,,,,,,
2025-26,Regular Season,1642849,Nolan Traore,479,56,BKN,1610612751,no_metric_row,200,,,,,,,,,,,,
2025-26,Regular Season,1630529,Herbert Jones,478,56,NOP,1610612740,error,,,,,,,,,,,,,"RuntimeError('HTTP 403 <HTML><HEAD>\n<TITLE>Access Denied</TITLE>\n</HEAD><BODY>\n<H1>Access Denied</H1>\n \nYou don\'t have permission to access ""http&#58;&#47;&#47;failover&#45;waf&#46;nba&#46;com&#47;error&#45;pages&#47;gleagu')"
2025-26,Regular Season,1630172,Patrick Williams,478,72,CHI,1610612741,no_metric_row,200,,,,,,,,,,,,
2025-26,Regular Season,1627739,Kris Dunn,477,82,LAC,1610612746,no_metric_row,200,,,,,,,,,,,,
2025-26,Regular Season,203935,Marcus Smart,476,62,LAL,1610612747,no_metric_row,200,,,,,,,,,,,,
2025-26,Regular Season,1630583,Santi Aldama,476,43,MEM,1610612763,no_metric_row,200,,,,,,,,,,,,
2025-26,Regular Season,1629661,Cameron Johnson,475,54,DEN,1610612743,error,,,,,,,,,,,,,"RuntimeError('HTTP 403 <HTML><HEAD>\n<TITLE>Access Denied</TITLE>\n</HEAD><BODY>\n<H1>Access Denied</H1>\n \nYou don\'t have permission to access ""http&#58;&#47;&#47;failover&#45;waf&#46;nba&#46;com&#47;error&#45;pages&#47;gleagu')"
2025-26,Regular Season,1629018,Gary Trent Jr.,473,65,MIL,1610612749,error,,,,,,,,,,,,,"RuntimeError('HTTP 403 <HTML><HEAD>\n<TITLE>Access Denied</TITLE>\n</HEAD><BODY>\n<H1>Access Denied</H1>\n \nYou don\'t have permission to access ""http&#58;&#47;&#47;failover&#45;waf&#46;nba&#46;com&#47;error&#45;pages&#47;gleagu')"
2025-26,Regular Season,1631323,Simone Fontecchio,471,70,MIA,1610612748,no_metric_row,200,,,,,,,,,,,,
2025-26,Regular Season,1630538,Bones Hyland,468,71,MIN,1610612750,error,,,,,,,,,,,,,"RuntimeError('HTTP 403 <HTML><HEAD>\n<TITLE>Access Denied</TITLE>\n</HEAD><BODY>\n<H1>Access Denied</H1>\n \nYou don\'t have permission to access ""http&#58;&#47;&#47;failover&#45;waf&#46;nba&#46;com&#47;error&#45;pages&#47;gleagu')"
2025-26,Regular Season,202710,Jimmy Butler III,462,38,GSW,1610612744,no_metric_row,200,,,,,,,,,,,,
2025-26,Regular Season,1630551,Justin Champagnie,462,69,WAS,1610612764,no_metric_row,200,,,,,,,,,,,,
2025-26,Regular Season,1630560,Cam Thomas,461,42,BKN|MIL,1610612749|1610612751,no_metric_row,200,,,,,,,,,,,,
2025-26,Regular Season,1642383,Walter Clayton Jr.,461,69,MEM|UTA,1610612762|1610612763,error,,,,,,,,,,,,,"RuntimeError('HTTP 403 <HTML><HEAD>\n<TITLE>Access Denied</TITLE>\n</HEAD><BODY>\n<H1>Access Denied</H1>\n \nYou don\'t have permission to access ""http&#58;&#47;&#47;failover&#45;waf&#46;nba&#46;com&#47;error&#45;pages&#47;gleagu')"
2025-26,Regular Season,1630611,Gui Santos,460,68,GSW,1610612744,no_metric_row,200,,,,,,,,,,,,
2025-26,Regular Season,1630171,Isaac Okoro,459,63,CHI,1610612741,error,,,,,,,,,,,,,"RuntimeError('HTTP 403 <HTML><HEAD>\n<TITLE>Access Denied</TITLE>\n</HEAD><BODY>\n<H1>Access Denied</H1>\n \nYou don\'t have permission to access ""http&#58;&#47;&#47;failover&#45;waf&#46;nba&#46;com&#47;error&#45;pages&#47;gleagu')"
2025-26,Regular Season,204456,T.J. McConnell,450,56,IND,1610612754,error,,,,,,,,,,,,,"RuntimeError('HTTP 403 <HTML><HEAD>\n<TITLE>Access Denied</TITLE>\n</HEAD><BODY>\n<H1>Access Denied</H1>\n \nYou don\'t have permission to access ""http&#58;&#47;&#47;failover&#45;waf&#46;nba&#46;com&#47;error&#45;pages&#47;gleagu')"
2025-26,Regular Season,1642856,Egor Dëmin,449,52,BKN,1610612751,no_metric_row,200,,,,,,,,,,,,
2025-26,Regular Season,1630631,Jose Alvarado,449,69,NOP|NYK,1610612740|1610612752,no_metric_row,200,,,,,,,,,,,,
2025-26,Regular Season,1631114,Jalen Williams,446,33,OKC,1610612760,error,,,,,,,,,,,,,"RuntimeError('HTTP 403 <HTML><HEAD>\n<TITLE>Access Denied</TITLE>\n</HEAD><BODY>\n<H1>Access Denied</H1>\n \nYou don\'t have permission to access ""http&#58;&#47;&#47;failover&#45;waf&#46;nba&#46;com&#47;error&#45;pages&#47;gleagu')"
2025-26,Regular Season,1629673,Jordan Poole,444,39,NOP,1610612740,error,,,,,,,,,,,,,"RuntimeError('HTTP 403 <HTML><HEAD>\n<TITLE>Access Denied</TITLE>\n</HEAD><BODY>\n<H1>Access Denied</H1>\n \nYou don\'t have permission to access ""http&#58;&#47;&#47;failover&#45;waf&#46;nba&#46;com&#47;error&#45;pages&#47;gleagu')"
2025-26,Regular Season,1628379,Luke Kennard,443,78,ATL|LAL,1610612737|1610612747,no_metric_row,200,,,,,,,,,,,,
2025-26,Regular Season,1642874,Danny Wolf,440,57,BKN,1610612751,no_metric_row,200,,,,,,,,,,,,
2025-26,Regular Season,1642366,Quinten Post,439,67,GSW,1610612744,error,,,,,,,,,,,,,"RuntimeError('HTTP 403 <HTML><HEAD>\n<TITLE>Access Denied</TITLE>\n</HEAD><BODY>\n<H1>Access Denied</H1>\n \nYou don\'t have permission to access ""http&#58;&#47;&#47;failover&#45;waf&#46;nba&#46;com&#47;error&#45;pages&#47;gleagu')"
2025-26,Regular Season,1631109,Mark Williams,438,60,PHX,1610612756,error,,,,,,,,,,,,,"RuntimeError('HTTP 403 <HTML><HEAD>\n<TITLE>Access Denied</TITLE>\n</HEAD><BODY>\n<H1>Access Denied</H1>\n \nYou don\'t have permission to access ""http&#58;&#47;&#47;failover&#45;waf&#46;nba&#46;com&#47;error&#45;pages&#47;gleagu')"
2025-26,Regular Season,1630311,Pat Spencer,436,66,GSW,1610612744,no_metric_row,200,,,,,,,,,,,,
2025-26,Regular Season,1630533,Ziaire Williams,433,56,BKN,1610612751,error,,,,,,,,,,,,,"RuntimeError('HTTP 403 <HTML><HEAD>\n<TITLE>Access Denied</TITLE>\n</HEAD><BODY>\n<H1>Access Denied</H1>\n \nYou don\'t have permission to access ""http&#58;&#47;&#47;failover&#45;waf&#46;nba&#46;com&#47;error&#45;pages&#47;gleagu')"
2025-26,Regular Season,1630702,Jaden Hardy,429,57,DAL|WAS,1610612742|1610612764,no_metric_row,200,,,,,,,,,,,,
2025-26,Regular Season,1630249,Vít Krejčí,429,65,ATL|POR,1610612737|1610612757,no_metric_row,200,,,,,,,,,,,,
2025-26,Regular Season,1627780,Gary Payton II,415,73,GSW,1610612744,no_metric_row,200,,,,,,,,,,,,
2025-26,Regular Season,1629750,Javonte Green,414,82,DET,1610612765,no_metric_row,200,,,,,,,,,,,,
2025-26,Regular Season,1642265,Rob Dillingham,412,65,CHI|MIN,1610612741|1610612750,error,,,,,,,,,,,,,"RuntimeError('HTTP 403 <HTML><HEAD>\n<TITLE>Access Denied</TITLE>\n</HEAD><BODY>\n<H1>Access Denied</H1>\n \nYou don\'t have permission to access ""http&#58;&#47;&#47;failover&#45;waf&#46;nba&#46;com&#47;error&#45;pages&#47;gleagu')"
2025-26,Regular Season,1628963,Marvin Bagley III,411,60,DAL|WAS,1610612742|1610612764,no_metric_row,200,,,,,,,,,,,,
2025-26,Regular Season,1642266,Ja'Kobe Walter,404,72,TOR,1610612761,no_metric_row,200,,,,,,,,,,,,
2025-26,Regular Season,1630188,Jalen Smith,404,53,CHI,1610612741,error,,,,,,,,,,,,,"RuntimeError('HTTP 403 <HTML><HEAD>\n<TITLE>Access Denied</TITLE>\n</HEAD><BODY>\n<H1>Access Denied</H1>\n \nYou don\'t have permission to access ""http&#58;&#47;&#47;failover&#45;waf&#46;nba&#46;com&#47;error&#45;pages&#47;gleagu')"
2025-26,Regular Season,1630540,Miles McBride,404,41,NYK,1610612752,no_metric_row,200,,,,,,,,,,,,
2025-26,Regular Season,1630191,Isaiah Stewart,402,58,DET,1610612765,no_metric_row,200,,,,,,,,,,,,
2025-26,Regular Season,1631230,Dominick Barlow,399,71,PHI,1610612755,no_metric_row,200,,,,,,,,,,,,
2025-26,Regular Season,1641757,Jordan Miller,399,60,LAC,1610612746,no_metric_row,200,,,,,,,,,,,,
2025-26,Regular Season,203932,Aaron Gordon,398,36,DEN,1610612743,error,,,,,,,,,,,,,"RuntimeError('HTTP 403 <HTML><HEAD>\n<TITLE>Access Denied</TITLE>\n</HEAD><BODY>\n<H1>Access Denied</H1>\n \nYou don\'t have permission to access ""http&#58;&#47;&#47;failover&#45;waf&#46;nba&#46;com&#47;error&#45;pages&#47;gleagu')"
2025-26,Regular Season,1631172,Ousmane Dieng,398,57,MIL|OKC,1610612749|1610612760,no_metric_row,200,,,,,,,,,,,,
2025-26,Regular Season,1630557,Corey Kispert,394,58,ATL|WAS,1610612737|1610612764,no_metric_row,200,,,,,,,,,,,,
2025-26,Regular Season,1627747,Caris LeVert,391,60,DET,1610612765,no_metric_row,200,,,,,,,,,,,,
2025-26,Regular Season,202685,Jonas Valanciunas,390,65,DEN,1610612743,no_metric_row,200,,,,,,,,,,,,
2025-26,Regular Season,1642948,Ryan Nembhard,390,60,DAL,1610612742,no_metric_row,200,,,,,,,,,,,,
2025-26,Regular Season,1631128,Christian Braun,389,44,DEN,1610612743,error,,,,,,,,,,,,,"RuntimeError('HTTP 403 <HTML><HEAD>\n<TITLE>Access Denied</TITLE>\n</HEAD><BODY>\n<H1>Access Denied</H1>\n \nYou don\'t have permission to access ""http&#58;&#47;&#47;failover&#45;waf&#46;nba&#46;com&#47;error&#45;pages&#47;gleagu')"
2025-26,Regular Season,204001,Kristaps Porziņģis,388,32,ATL|GSW,1610612737|1610612744,no_metric_row,200,,,,,,,,,,,,
2025-26,Regular Season,1641767,Ben Sheppard,387,65,IND,1610612754,error,,,,,,,,,,,,,"RuntimeError('HTTP 403 <HTML><HEAD>\n<TITLE>Access Denied</TITLE>\n</HEAD><BODY>\n<H1>Access Denied</H1>\n \nYou don\'t have permission to access ""http&#58;&#47;&#47;failover&#45;waf&#46;nba&#46;com&#47;error&#45;pages&#47;gleagu')"
2025-26,Regular Season,1641711,Gradey Dick,384,76,TOR,1610612761,no_metric_row,200,,,,,,,,,,,,
2025-26,Regular Season,1631165,Keon Ellis,384,72,CLE|SAC,1610612739|1610612758,no_metric_row,200,,,,,,,,,,,,
2025-26,Regular Season,1642920,Kobe Sanders,384,68,LAC,1610612746,no_metric_row,200,,,,,,,,,,,,
2025-26,Regular Season,1627884,Derrick Jones Jr.,379,50,LAC,1610612746,no_metric_row,200,,,,,,,,,,,,
2025-26,Regular Season,1642883,Sion James,372,82,CHA,1610612766,no_metric_row,200,,,,,,,,,,,,
2025-26,Regular Season,1629611,Terance Mann,368,63,BKN,1610612751,error,,,,,,,,,,,,,"RuntimeError('HTTP 403 <HTML><HEAD>\n<TITLE>Access Denied</TITLE>\n</HEAD><BODY>\n<H1>Access Denied</H1>\n \nYou don\'t have permission to access ""http&#58;&#47;&#47;failover&#45;waf&#46;nba&#46;com&#47;error&#45;pages&#47;gleagu')"
2025-26,Regular Season,203484,Kentavious Caldwell-Pope,366,51,MEM,1610612763,no_metric_row,200,,,,,,,,,,,,
2025-26,Regular Season,1642345,Oso Ighodaro,366,82,PHX,1610612756,no_metric_row,200,,,,,,,,,,,,
2025-26,Regular Season,1629013,Landry Shamet,364,51,NYK,1610612752,no_metric_row,200,,,,,,,,,,,,
2025-26,Regular Season,1631217,Moussa Diabaté,363,73,CHA,1610612766,no_metric_row,200,,,,,,,,,,,,
2025-26,Regular Season,1642346,Ryan Dunn,362,70,PHX,1610612756,no_metric_row,200,,,,,,,,,,,,
2025-26,Regular Season,1629004,Svi Mykhailiuk,362,50,UTA,1610612762,error,,,,,,,,,,,,,"RuntimeError('HTTP 403 <HTML><HEAD>\n<TITLE>Access Denied</TITLE>\n</HEAD><BODY>\n<H1>Access Denied</H1>\n \nYou don\'t have permission to access ""http&#58;&#47;&#47;failover&#45;waf&#46;nba&#46;com&#47;error&#45;pages&#47;gleagu')"
2025-26,Regular Season,1642962,Drake Powell,358,63,BKN,1610612751,no_metric_row,200,,,,,,,,,,,,
2025-26,Regular Season,203994,Jusuf Nurkić,358,41,UTA,1610612762,no_metric_row,200,,,,,,,,,,,,
2025-26,Regular Season,1630568,Luka Garza,357,69,BOS,1610612738,no_metric_row,200,,,,,,,,,,,,
2025-26,Regular Season,1630549,Day'Ron Sharpe,356,62,BKN,1610612751,no_metric_row,200,,,,,,,,,,,,
2025-26,Regular Season,1641707,Taylor Hendricks,355,59,MEM|UTA,1610612762|1610612763,error,,,,,,,,,,,,,"RuntimeError('HTTP 403 <HTML><HEAD>\n<TITLE>Access Denied</TITLE>\n</HEAD><BODY>\n<H1>Access Denied</H1>\n \nYou don\'t have permission to access ""http&#58;&#47;&#47;failover&#45;waf&#46;nba&#46;com&#47;error&#45;pages&#47;gleagu')"
2025-26,Regular Season,1631119,Jaylin Williams,352,65,OKC,1610612760,error,,,,,,,,,,,,,"RuntimeError('HTTP 403 <HTML><HEAD>\n<TITLE>Access Denied</TITLE>\n</HEAD><BODY>\n<H1>Access Denied</H1>\n \nYou don\'t have permission to access ""http&#58;&#47;&#47;failover&#45;waf&#46;nba&#46;com&#47;error&#45;pages&#47;gleagu')"
2025-26,Regular Season,1641765,Olivier-Maxence Prosper,350,53,MEM,1610612763,error,,,,,,,,,,,,,"RuntimeError('HTTP 403 <HTML><HEAD>\n<TITLE>Access Denied</TITLE>\n</HEAD><BODY>\n<H1>Access Denied</H1>\n \nYou don\'t have permission to access ""http&#58;&#47;&#47;failover&#45;waf&#46;nba&#46;com&#47;error&#45;pages&#47;gleagu')"
2025-26,Regular Season,1642954,Will Richard,346,69,GSW,1610612744,no_metric_row,200,,,,,,,,,,,,
2025-26,Regular Season,1642867,Collin Murray-Boyles,342,57,TOR,1610612761,no_metric_row,200,,,,,,,,,,,,
2025-26,Regular Season,1630703,Scoot Henderson,342,30,POR,1610612757,no_metric_row,200,,,,,,,,,,,,
2025-26,Regular Season,1630228,Jonathan Kuminga,339,36,ATL|GSW,1610612737|1610612744,no_metric_row,200,,,,,,,,,,,,
2025-26,Regular Season,1630194,Paul Reed,339,65,DET,1610612765,no_metric_row,200,,,,,,,,,,,,
2025-26,Regular Season,203083,Andre Drummond,337,63,PHI,1610612755,no_metric_row,200,,,,,,,,,,,,
2025-26,Regular Season,203076,Anthony Davis,334,20,DAL,1610612742,no_metric_row,200,,,,,,,,,,,,
2025-26,Regular Season,1631321,Sidy Cissoko,334,75,POR,1610612757,no_metric_row,200,,,,,,,,,,,,
2025-26,Regular Season,1631248,Baylor Scheierman,333,77,BOS,1610612738,no_metric_row,200,,,,,,,,,,,,
2025-26,Regular Season,1631245,Quenton Jackson,328,49,IND,1610612754,no_metric_row,200,,,,,,,,,,,,
2025-26,Regular Season,1627741,Buddy Hield,327,51,ATL|GSW,1610612737|1610612744,no_metric_row,200,,,,,,,,,,,,
2025-26,Regular Season,1630696,Dru Smith,325,70,MIA,1610612748,error,,,,,,,,,,,,,"RuntimeError('HTTP 403 <HTML><HEAD>\n<TITLE>Access Denied</TITLE>\n</HEAD><BODY>\n<H1>Access Denied</H1>\n \nYou don\'t have permission to access ""http&#58;&#47;&#47;failover&#45;waf&#46;nba&#46;com&#47;error&#45;pages&#47;gleagu')"
2025-26,Regular Season,201143,Al Horford,324,45,GSW,1610612744,no_metric_row,200,,,,,,,,,,,,
2025-26,Regular Season,1629630,Ja Morant,322,20,MEM,1610612763,no_metric_row,200,,,,,,,,,,,,
2025-26,Regular Season,1642348,Justin Edwards,320,64,PHI,1610612755,no_metric_row,200,,,,,,,,,,,,
2025-26,Regular Season,1631124,Julian Strawther,319,57,DEN,1610612743,no_metric_row,200,,,,,,,,,,,,
2025-26,Regular Season,1641774,Tristan Vukcevic,317,49,WAS,1610612764,error,,,,,,,,,,,,,"RuntimeError('HTTP 403 <HTML><HEAD>\n<TITLE>Access Denied</TITLE>\n</HEAD><BODY>\n<H1>Access Denied</H1>\n \nYou don\'t have permission to access ""http&#58;&#47;&#47;failover&#45;waf&#46;nba&#46;com&#47;error&#45;pages&#47;gleagu')"
2025-26,Regular Season,1629655,Daniel Gafford,316,55,DAL,1610612742,error,,,,,,,,,,,,,"RuntimeError('HTTP 403 <HTML><HEAD>\n<TITLE>Access Denied</TITLE>\n</HEAD><BODY>\n<H1>Access Denied</H1>\n \nYou don\'t have permission to access ""http&#58;&#47;&#47;failover&#45;waf&#46;nba&#46;com&#47;error&#45;pages&#47;gleagu')"
2025-26,Regular Season,1641772,Nae'Qwan Tomlin,314,64,CLE,1610612739,no_metric_row,200,,,,,,,,,,,,
2025-26,Regular Season,1631107,Nikola Jović,314,47,MIA,1610612748,error,,,,,,,,,,,,,"RuntimeError('HTTP 403 <HTML><HEAD>\n<TITLE>Access Denied</TITLE>\n</HEAD><BODY>\n<H1>Access Denied</H1>\n \nYou don\'t have permission to access ""http&#58;&#47;&#47;failover&#45;waf&#46;nba&#46;com&#47;error&#45;pages&#47;gleagu')"
2025-26,Regular Season,1641712,Rayan Rupert,313,64,MEM|POR,1610612757|1610612763,no_metric_row,200,,,,,,,,,,,,
2025-26,Regular Season,1627824,Guerschon Yabusele,312,67,CHI|NYK,1610612741|1610612752,error,,,,,,,,,,,,,"RuntimeError('HTTP 403 <HTML><HEAD>\n<TITLE>Access Denied</TITLE>\n</HEAD><BODY>\n<H1>Access Denied</H1>\n \nYou don\'t have permission to access ""http&#58;&#47;&#47;failover&#45;waf&#46;nba&#46;com&#47;error&#45;pages&#47;gleagu')"
2025-26,Regular Season,1627751,Jakob Poeltl,310,46,TOR,1610612761,no_metric_row,200,,,,,,,,,,,,
2025-26,Regular Season,1628975,Jevon Carter,307,53,CHI|ORL,1610612741|1610612753,no_metric_row,200,,,,,,,,,,,,
2025-26,Regular Season,1642879,Ben Saraf,303,44,BKN,1610612751,no_metric_row,200,,,,,,,,,,,,
2025-26,Regular Season,1630544,Tre Mann,303,53,CHA,1610612766,no_metric_row,200,,,,,,,,,,,,
2025-26,Regular Season,1627936,Alex Caruso,300,56,OKC,1610612760,error,,,,,,,,,,,,,"RuntimeError('HTTP 403 <HTML><HEAD>\n<TITLE>Access Denied</TITLE>\n</HEAD><BODY>\n<H1>Access Denied</H1>\n \nYou don\'t have permission to access ""http&#58;&#47;&#47;failover&#45;waf&#46;nba&#46;com&#47;error&#45;pages&#47;gleagu')"
2025-26,Regular Season,1631099,Keegan Murray,300,23,SAC,1610612758,no_metric_row,200,,,,,,,,,,,,
2025-26,Regular Season,1628392,Isaiah Hartenstein,296,47,OKC,1610612760,error,,,,,,,,,,,,,"RuntimeError('HTTP 403 <HTML><HEAD>\n<TITLE>Access Denied</TITLE>\n</HEAD><BODY>\n<H1>Access Denied</H1>\n \nYou don\'t have permission to access ""http&#58;&#47;&#47;failover&#45;waf&#46;nba&#46;com&#47;error&#45;pages&#47;gleagu')"
2025-26,Regular Season,1642364,Jamir Watkins,296,50,WAS,1610612764,no_metric_row,200,,,,,,,,,,,,
2025-26,Regular Season,1629026,Kenrich Williams,296,56,OKC,1610612760,no_metric_row,200,,,,,,,,,,,,
2025-26,Regular Season,1629006,Josh Okogie,294,78,HOU,1610612745,no_metric_row,200,,,,,,,,,,,,
2025-26,Regular Season,1642274,Yves Missi,294,66,NOP,1610612740,error,,,,,,,,,,,,,"RuntimeError('HTTP 403 <HTML><HEAD>\n<TITLE>Access Denied</TITLE>\n</HEAD><BODY>\n<H1>Access Denied</H1>\n \nYou don\'t have permission to access ""http&#58;&#47;&#47;failover&#45;waf&#46;nba&#46;com&#47;error&#45;pages&#47;gleagu')"
2025-26,Regular Season,1630695,Micah Potter,293,47,IND,1610612754,no_metric_row,200,,,,,,,,,,,,
2025-26,Regular Season,1642269,Devin Carter,292,38,SAC,1610612758,no_metric_row,200,,,,,,,,,,,,
2025-26,Regular Season,1631246,Vince Williams Jr.,292,40,MEM|UTA,1610612762|1610612763,no_metric_row,200,,,,,,,,,,,,
2025-26,Regular Season,1641750,Ryan Kalkbrenner,291,69,CHA,1610612766,no_metric_row,200,,,,,,,,,,,,
2025-26,Regular Season,1631243,Mouhamed Gueye,290,77,ATL,1610612737,no_metric_row,200,,,,,,,,,,,,
2025-26,Regular Season,1642914,Javon Small,288,41,MEM,1610612763,no_metric_row,200,,,,,,,,,,,,
2025-26,Regular Season,1628369,Jayson Tatum,287,16,BOS,1610612738,error,,,,,,,,,,,,,"RuntimeError('HTTP 403 <HTML><HEAD>\n<TITLE>Access Denied</TITLE>\n</HEAD><BODY>\n<H1>Access Denied</H1>\n \nYou don\'t have permission to access ""http&#58;&#47;&#47;failover&#45;waf&#46;nba&#46;com&#47;error&#45;pages&#47;gleagu')"
2025-26,Regular Season,1630534,Ochai Agbaji,280,62,BKN|TOR,1610612751|1610612761,error,,,,,,,,,,,,,"RuntimeError('HTTP 403 <HTML><HEAD>\n<TITLE>Access Denied</TITLE>\n</HEAD><BODY>\n<H1>Access Denied</H1>\n \nYou don\'t have permission to access ""http&#58;&#47;&#47;failover&#45;waf&#46;nba&#46;com&#47;error&#45;pages&#47;gleagu')"
2025-26,Regular Season,1631342,Daeqwon Plowden,279,32,SAC,1610612758,no_metric_row,200,,,,,,,,,,,,
2025-26,Regular Season,1629731,Dean Wade,278,59,CLE,1610612739,no_metric_row,200,,,,,,,,,,,,
2025-26,Regular Season,1630592,Jalen Wilson,278,54,BKN,1610612751,error,,,,,,,,,,,,,"RuntimeError('HTTP 403 <HTML><HEAD>\n<TITLE>Access Denied</TITLE>\n</HEAD><BODY>\n<H1>Access Denied</H1>\n \nYou don\'t have permission to access ""http&#58;&#47;&#47;failover&#45;waf&#46;nba&#46;com&#47;error&#45;pages&#47;gleagu')"
2025-26,Regular Season,1631213,Tyrese Martin,277,46,BKN|PHI,1610612751|1610612755,no_metric_row,200,,,,,,,,,,,,
2025-26,Regular Season,1631200,Kris Murray,276,57,POR,1610612757,no_metric_row,200,,,,,,,,,,,,
2025-26,Regular Season,1642877,Micah Peavy,275,61,NOP,1610612740,no_metric_row,200,,,,,,,,,,,,
2025-26,Regular Season,1628436,Luke Kornet,272,68,SAS,1610612759,no_metric_row,200,,,,,,,,,,,,
2025-26,Regular Season,1641738,Kobe Brown,271,61,IND|LAC,1610612746|1610612754,no_metric_row,200,,,,,,,,,,,,
2025-26,Regular Season,1630570,Trendon Watford,268,53,PHI,1610612755,no_metric_row,200,,,,,,,,,,,,
2025-26,Regular Season,1641775,Jordan Walsh,267,68,BOS,1610612738,no_metric_row,200,,,,,,,,,,,,
2025-26,Regular Season,1628418,Thomas Bryant,267,60,CLE,1610612739,error,,,,,,,,,,,,,"RuntimeError('HTTP 403 <HTML><HEAD>\n<TITLE>Access Denied</TITLE>\n</HEAD><BODY>\n<H1>Access Denied</H1>\n \nYou don\'t have permission to access ""http&#58;&#47;&#47;failover&#45;waf&#46;nba&#46;com&#47;error&#45;pages&#47;gleagu')"
2025-26,Regular Season,1642868,Carter Bryant,265,71,SAS,1610612759,no_metric_row,200,,,,,,,,,,,,
2025-26,Regular Season,1629637,Jaxson Hayes,262,66,LAL,1610612747,error,,,,,,,,,,,,,"RuntimeError('HTTP 403 <HTML><HEAD>\n<TITLE>Access Denied</TITLE>\n</HEAD><BODY>\n<H1>Access Denied</H1>\n \nYou don\'t have permission to access ""http&#58;&#47;&#47;failover&#45;waf&#46;nba&#46;com&#47;error&#45;pages&#47;gleagu')"
2025-26,Regular Season,1631159,Leonard Miller,262,46,CHI|MIN,1610612741|1610612750,no_metric_row,200,,,,,,,,,,,,
2025-26,Regular Season,1642461,Spencer Jones,262,64,DEN,1610612743,error,,,,,,,,,,,,,"RuntimeError('HTTP 403 <HTML><HEAD>\n<TITLE>Access Denied</TITLE>\n</HEAD><BODY>\n<H1>Access Denied</H1>\n \nYou don\'t have permission to access ""http&#58;&#47;&#47;failover&#45;waf&#46;nba&#46;com&#47;error&#45;pages&#47;gleagu')"
2025-26,Regular Season,1641854,Craig Porter Jr.,258,64,CLE,1610612739,no_metric_row,200,,,,,,,,,,,,
2025-26,Regular Season,1641722,Jordan Hawkins,257,51,NOP,1610612740,no_metric_row,200,,,,,,,,,,,,
2025-26,Regular Season,1631093,Jaden Ivey,256,37,CHI|DET,1610612741|1610612765,no_metric_row,200,,,,,,,,,,,,
2025-26,Regular Season,1628988,Aaron Holiday,252,57,HOU,1610612745,error,,,,,,,,,,,,,"RuntimeError('HTTP 403 <HTML><HEAD>\n<TITLE>Access Denied</TITLE>\n</HEAD><BODY>\n<H1>Access Denied</H1>\n \nYou don\'t have permission to access ""http&#58;&#47;&#47;failover&#45;waf&#46;nba&#46;com&#47;error&#45;pages&#47;gleagu')"
2025-26,Regular Season,1631169,Josh Minott,252,49,BKN|BOS,1610612738|1610612751,error,,,,,,,,,,,,,"RuntimeError('HTTP 403 <HTML><HEAD>\n<TITLE>Access Denied</TITLE>\n</HEAD><BODY>\n<H1>Access Denied</H1>\n \nYou don\'t have permission to access ""http&#58;&#47;&#47;failover&#45;waf&#46;nba&#46;com&#47;error&#45;pages&#47;gleagu')"
2025-26,Regular Season,1641724,Jett Howard,251,55,ORL,1610612753,error,,,,,,,,,,,,,"RuntimeError('HTTP 403 <HTML><HEAD>\n<TITLE>Access Denied</TITLE>\n</HEAD><BODY>\n<H1>Access Denied</H1>\n \nYou don\'t have permission to access ""http&#58;&#47;&#47;failover&#45;waf&#46;nba&#46;com&#47;error&#45;pages&#47;gleagu')"
2025-26,Regular Season,1629057,Robert Williams III,250,59,POR,1610612757,error,,,,,,,,,,,,,"RuntimeError('HTTP 403 <HTML><HEAD>\n<TITLE>Access Denied</TITLE>\n</HEAD><BODY>\n<H1>Access Denied</H1>\n \nYou don\'t have permission to access ""http&#58;&#47;&#47;failover&#45;waf&#46;nba&#46;com&#47;error&#45;pages&#47;gleagu')"
2025-26,Regular Season,1642278,Tyler Kolek,248,62,NYK,1610612752,error,,,,,,,,,,,,,"RuntimeError('HTTP 403 <HTML><HEAD>\n<TITLE>Access Denied</TITLE>\n</HEAD><BODY>\n<H1>Access Denied</H1>\n \nYou don\'t have permission to access ""http&#58;&#47;&#47;failover&#45;waf&#46;nba&#46;com&#47;error&#45;pages&#47;gleagu')"
2025-26,Regular Season,1630536,Sharife Cooper,247,41,WAS,1610612764,no_metric_row,200,,,,,,,,,,,,
2025-26,Regular Season,1642864,Hugo González,246,74,BOS,1610612738,error,,,,,,,,,,,,,"RuntimeError('HTTP 403 <HTML><HEAD>\n<TITLE>Access Denied</TITLE>\n</HEAD><BODY>\n<H1>Access Denied</H1>\n \nYou don\'t have permission to access ""http&#58;&#47;&#47;failover&#45;waf&#46;nba&#46;com&#47;error&#45;pages&#47;gleagu')"
2025-26,Regular Season,1629020,Jarred Vanderbilt,240,65,LAL,1610612747,error,,,,,,,,,,,,,"RuntimeError('HTTP 403 <HTML><HEAD>\n<TITLE>Access Denied</TITLE>\n</HEAD><BODY>\n<H1>Access Denied</H1>\n \nYou don\'t have permission to access ""http&#58;&#47;&#47;failover&#45;waf&#46;nba&#46;com&#47;error&#45;pages&#47;gleagu')"
2025-26,Regular Season,1642857,Kasparas Jakučionis,238,53,MIA,1610612748,no_metric_row,200,,,,,,,,,,,,
2025-26,Regular Season,201587,Nicolas Batum,238,74,LAC,1610612746,no_metric_row,200,,,,,,,,,,,,
2025-26,Regular Season,1631121,Bryce McGowens,237,42,NOP,1610612740,no_metric_row,200,,,,,,,,,,,,
2025-26,Regular Season,1630543,Isaiah Jackson,237,55,IND|LAC,1610612746|1610612754,error,,,,,,,,,,,,,"RuntimeError('HTTP 403 <HTML><HEAD>\n<TITLE>Access Denied</TITLE>\n</HEAD><BODY>\n<H1>Access Denied</H1>\n \nYou don\'t have permission to access ""http&#58;&#47;&#47;failover&#45;waf&#46;nba&#46;com&#47;error&#45;pages&#47;gleagu')"
2025-26,Regular Season,1631123,Jamaree Bouyea,236,46,PHX,1610612756,error,,,,,,,,,,,,,"RuntimeError('HTTP 403 <HTML><HEAD>\n<TITLE>Access Denied</TITLE>\n</HEAD><BODY>\n<H1>Access Denied</H1>\n \nYou don\'t have permission to access ""http&#58;&#47;&#47;failover&#45;waf&#46;nba&#46;com&#47;error&#45;pages&#47;gleagu')"
2025-26,Regular Season,1631255,Karlo Matković,235,62,NOP,1610612740,error,,,,,,,,,,,,,"RuntimeError('HTTP 403 <HTML><HEAD>\n<TITLE>Access Denied</TITLE>\n</HEAD><BODY>\n<H1>Access Denied</H1>\n \nYou don\'t have permission to access ""http&#58;&#47;&#47;failover&#45;waf&#46;nba&#46;com&#47;error&#45;pages&#47;gleagu')"
2025-26,Regular Season,1626156,D'Angelo Russell,232,26,DAL,1610612742,no_metric_row,200,,,,,,,,,,,,
2025-26,Regular Season,1629618,Jalen Pickett,232,50,DEN,1610612743,no_metric_row,200,,,,,,,,,,,,
2025-26,Regular Season,1630175,Cole Anthony,231,35,MIL,1610612749,no_metric_row,200,,,,,,,,,,,,
2025-26,Regular Season,1641740,Jaylen Clark,228,68,MIN,1610612750,error,,,,,,,,,,,,,"RuntimeError('HTTP 403 <HTML><HEAD>\n<TITLE>Access Denied</TITLE>\n</HEAD><BODY>\n<H1>Access Denied</H1>\n \nYou don\'t have permission to access ""http&#58;&#47;&#47;failover&#45;waf&#46;nba&#46;com&#47;error&#45;pages&#47;gleagu')"
2025-26,Regular Season,203991,Clint Capela,227,75,HOU,1610612745,error,,,,,,,,,,,,,"RuntimeError('HTTP 403 <HTML><HEAD>\n<TITLE>Access Denied</TITLE>\n</HEAD><BODY>\n<H1>Access Denied</H1>\n \nYou don\'t have permission to access ""http&#58;&#47;&#47;failover&#45;waf&#46;nba&#46;com&#47;error&#45;pages&#47;gleagu')"
2025-26,Regular Season,1629048,Goga Bitadze,225,64,ORL,1610612753,no_metric_row,200,,,,,,,,,,,,
2025-26,Regular Season,1642878,Tyrese Proctor,225,50,CLE,1610612739,no_metric_row,200,,,,,,,,,,,,
2025-26,Regular Season,1627734,Domantas Sabonis,221,19,SAC,1610612758,no_metric_row,200,,,,,,,,,,,,
2025-26,Regular Season,1641737,Adem Bona,220,71,PHI,1610612755,no_metric_row,200,,,,,,,,,,,,
2025-26,Regular Season,1626145,Tyus Jones,218,67,DAL|DEN|ORL,1610612742|1610612743|1610612753,no_metric_row,200,,,,,,,,,,,,
2025-26,Regular Season,1629216,Gabe Vincent,216,53,ATL|LAL,1610612737|1610612747,error,,,,,,,,,,,,,"RuntimeError('HTTP 403 <HTML><HEAD>\n<TITLE>Access Denied</TITLE>\n</HEAD><BODY>\n<H1>Access Denied</H1>\n \nYou don\'t have permission to access ""http&#58;&#47;&#47;failover&#45;waf&#46;nba&#46;com&#47;error&#45;pages&#47;gleagu')"
2025-26,Regular Season,1630264,Anthony Gill,215,55,WAS,1610612764,no_metric_row,200,,,,,,,,,,,,
2025-26,Regular Season,201144,Mike Conley,215,54,MIN,1610612750,error,,,,,,,,,,,,,"RuntimeError('HTTP 403 <HTML><HEAD>\n<TITLE>Access Denied</TITLE>\n</HEAD><BODY>\n<H1>Access Denied</H1>\n \nYou don\'t have permission to access ""http&#58;&#47;&#47;failover&#45;waf&#46;nba&#46;com&#47;error&#45;pages&#47;gleagu')"
2025-26,Regular Season,1642853,Rasheer Fleming,215,55,PHX,1610612756,no_metric_row,200,,,,,,,,,,,,
2025-26,Regular Season,1629660,Ty Jerome,215,15,MEM,1610612763,no_metric_row,200,,,,,,,,,,,,
2025-26,Regular Season,1631133,Jabari Walker,213,64,PHI,1610612755,no_metric_row,200,,,,,,,,,,,,
2025-26,Regular Season,1642885,Mohamed Diawara,213,69,NYK,1610612752,no_metric_row,200,,,,,,,,,,,,
2025-26,Regular Season,1629011,Mitchell Robinson,206,60,NYK,1610612752,error,,,,,,,,,,,,,"RuntimeError('HTTP 403 <HTML><HEAD>\n<TITLE>Access Denied</TITLE>\n</HEAD><BODY>\n<H1>Access Denied</H1>\n \nYou don\'t have permission to access ""http&#58;&#47;&#47;failover&#45;waf&#46;nba&#46;com&#47;error&#45;pages&#47;gleagu')"
2025-26,Regular Season,1642869,Noah Penda,203,59,ORL,1610612753,no_metric_row,200,,,,,,,,,,,,
2025-26,Regular Season,203937,Kyle Anderson,202,43,MEM|MIN|UTA,1610612750|1610612762|1610612763,error,,,,,,,,,,,,,"RuntimeError('HTTP 403 <HTML><HEAD>\n<TITLE>Access Denied</TITLE>\n</HEAD><BODY>\n<H1>Access Denied</H1>\n \nYou don\'t have permission to access ""http&#58;&#47;&#47;failover&#45;waf&#46;nba&#46;com&#47;error&#45;pages&#47;gleagu')"
2025-26,Regular Season,1630208,Nick Richards,201,48,CHI|PHX,1610612741|1610612756,error,,,,,,,,,,,,,"RuntimeError('HTTP 403 <HTML><HEAD>\n<TITLE>Access Denied</TITLE>\n</HEAD><BODY>\n<H1>Access Denied</H1>\n \nYou don\'t have permission to access ""http&#58;&#47;&#47;failover&#45;waf&#46;nba&#46;com&#47;error&#45;pages&#47;gleagu')"
2025-26,Regular Season,1629723,John Konchar,199,56,MEM|UTA,1610612762|1610612763,no_metric_row,200,,,,,,,,,,,,
2025-26,Regular Season,201567,Kevin Love,199,37,UTA,1610612762,no_metric_row,200,,,,,,,,,,,,
2025-26,Regular Season,1630167,Obi Toppin,199,24,IND,1610612754,no_metric_row,200,,,,,,,,,,,,
2025-26,Regular Season,1630679,Ethan Thompson,196,32,IND,1610612754,no_metric_row,200,,,,,,,,,,,,
2025-26,Regular Season,1642942,Jahmai Mashack,195,31,MEM,1610612763,no_metric_row,200,,,,,,,,,,,,
2025-26,Regular Season,1629021,Moritz Wagner,195,36,ORL,1610612753,error,,,,,,,,,,,,,"RuntimeError('HTTP 403 <HTML><HEAD>\n<TITLE>Access Denied</TITLE>\n</HEAD><BODY>\n<H1>Access Denied</H1>\n \nYou don\'t have permission to access ""http&#58;&#47;&#47;failover&#45;waf&#46;nba&#46;com&#47;error&#45;pages&#47;gleagu')"
2025-26,Regular Season,1631250,Pete Nance,194,47,MIL,1610612749,error,,,,,,,,,,,,,"RuntimeError('HTTP 403 <HTML><HEAD>\n<TITLE>Access Denied</TITLE>\n</HEAD><BODY>\n<H1>Access Denied</H1>\n \nYou don\'t have permission to access ""http&#58;&#47;&#47;failover&#45;waf&#46;nba&#46;com&#47;error&#45;pages&#47;gleagu')"
2025-26,Regular Season,1642261,Dalton Knecht,191,54,LAL,1610612747,error,,,,,,,,,,,,,"RuntimeError('HTTP 403 <HTML><HEAD>\n<TITLE>Access Denied</TITLE>\n</HEAD><BODY>\n<H1>Access Denied</H1>\n \nYou don\'t have permission to access ""http&#58;&#47;&#47;failover&#45;waf&#46;nba&#46;com&#47;error&#45;pages&#47;gleagu')"
2025-26,Regular Season,1627752,Taurean Prince,191,26,MIL,1610612749,no_metric_row,200,,,,,,,,,,,,
2025-26,Regular Season,1628997,Caleb Martin,189,58,DAL,1610612742,no_metric_row,200,,,,,,,,,,,,
2025-26,Regular Season,1642859,Jase Richardson,188,54,ORL,1610612753,error,,,,,,,,,,,,,"RuntimeError('HTTP 403 <HTML><HEAD>\n<TITLE>Access Denied</TITLE>\n</HEAD><BODY>\n<H1>Access Denied</H1>\n \nYou don\'t have permission to access ""http&#58;&#47;&#47;failover&#45;waf&#46;nba&#46;com&#47;error&#45;pages&#47;gleagu')"
2025-26,Regular Season,1642382,Branden Carlson,186,42,OKC,1610612760,no_metric_row,200,,,,,,,,,,,,
2025-26,Regular Season,1630579,Jericho Sims,185,67,MIL,1610612749,no_metric_row,200,,,,,,,,,,,,
2025-26,Regular Season,1629684,Grant Williams,183,36,CHA,1610612766,no_metric_row,200,,,,,,,,,,,,
2025-26,Regular Season,1627749,Dejounte Murray,182,14,NOP,1610612740,error,,,,,,,,,,,,,"RuntimeError('HTTP 403 <HTML><HEAD>\n<TITLE>Access Denied</TITLE>\n</HEAD><BODY>\n<H1>Access Denied</H1>\n \nYou don\'t have permission to access ""http&#58;&#47;&#47;failover&#45;waf&#46;nba&#46;com&#47;error&#45;pages&#47;gleagu')"
2025-26,Regular Season,1630182,Josh Green,181,58,CHA,1610612766,no_metric_row,200,,,,,,,,,,,,
2025-26,Regular Season,1642928,Dylan Cardwell,179,44,SAC,1610612758,no_metric_row,200,,,,,,,,,,,,
2025-26,Regular Season,1631204,Marcus Sasser,177,38,DET,1610612765,no_metric_row,200,,,,,,,,,,,,
2025-26,Regular Season,1629027,Trae Young,177,15,ATL|WAS,1610612737|1610612764,no_metric_row,200,,,,,,,,,,,,
2025-26,Regular Season,1642358,AJ Johnson,176,48,DAL|WAS,1610612742|1610612764,no_metric_row,200,,,,,,,,,,,,
2025-26,Regular Season,1628366,Lonzo Ball,176,35,CLE,1610612739,no_metric_row,200,,,,,,,,,,,,
2025-26,Regular Season,1630811,Keaton Wallace,171,53,ATL,1610612737,no_metric_row,200,,,,,,,,,,,,
2025-26,Regular Season,1630545,Terrence Shannon Jr,171,43,MIN,1610612750,no_metric_row,200,,,,,,,,,,,,
2025-26,Regular Season,1642854,Asa Newell,169,44,ATL,1610612737,no_metric_row,200,,,,,,,,,,,,
2025-26,Regular Season,1641715,Cam Whitmore,169,21,WAS,1610612764,no_metric_row,200,,,,,,,,,,,,
2025-26,Regular Season,1642880,Kam Jones,169,37,IND,1610612754,no_metric_row,200,,,,,,,,,,,,
2025-26,Regular Season,1641989,Elijah Harkless,161,26,UTA,1610612762,error,,,,,,,,,,,,,"RuntimeError('HTTP 403 <HTML><HEAD>\n<TITLE>Access Denied</TITLE>\n</HEAD><BODY>\n<H1>Access Denied</H1>\n \nYou don\'t have permission to access ""http&#58;&#47;&#47;failover&#45;waf&#46;nba&#46;com&#47;error&#45;pages&#47;gleagu')"
2025-26,Regular Season,1641733,Nick Smith Jr.,161,30,LAL,1610612747,no_metric_row,200,,,,,,,,,,,,
2025-26,Regular Season,1642275,Tidjane Salaün,159,37,CHA,1610612766,no_metric_row,200,,,,,,,,,,,,
2025-26,Regular Season,1643007,Taelon Peter,158,38,IND,1610612754,no_metric_row,200,,,,,,,,,,,,
2025-26,Regular Season,1629234,Drew Eubanks,156,42,SAC,1610612758,no_metric_row,200,,,,,,,,,,,,
2025-26,Regular Season,1631207,Dalen Terry,155,48,CHI|PHI,1610612741|1610612755,error,,,,,,,,,,,,,"RuntimeError('HTTP 403 <HTML><HEAD>\n<TITLE>Access Denied</TITLE>\n</HEAD><BODY>\n<H1>Access Denied</H1>\n \nYou don\'t have permission to access ""http&#58;&#47;&#47;failover&#45;waf&#46;nba&#46;com&#47;error&#45;pages&#47;gleagu')"
2025-26,Regular Season,203992,Bogdan Bogdanović,152,23,LAC,1610612746,no_metric_row,200,,,,,,,,,,,,
2025-26,Regular Season,1631288,Jamal Cain,152,40,ORL,1610612753,no_metric_row,200,,,,,,,,,,,,
2025-26,Regular Season,1630192,Zeke Nnaji,151,52,DEN,1610612743,no_metric_row,200,,,,,,,,,,,,
2025-26,Regular Season,1626166,Cameron Payne,149,22,PHI,1610612755,error,,,,,,,,,,,,,"RuntimeError('HTTP 403 <HTML><HEAD>\n<TITLE>Access Denied</TITLE>\n</HEAD><BODY>\n<H1>Access Denied</H1>\n \nYou don\'t have permission to access ""http&#58;&#47;&#47;failover&#45;waf&#46;nba&#46;com&#47;error&#45;pages&#47;gleagu')"
2025-26,Regular Season,1642277,Johnny Furphy,149,35,IND,1610612754,no_metric_row,200,,,,,,,,,,,,
2025-26,Regular Season,1642419,Jamison Battle,145,61,TOR,1610612761,no_metric_row,200,,,,,,,,,,,,
2025-26,Regular Season,1631131,Oscar Tshiebwe,145,27,UTA,1610612762,no_metric_row,200,,,,,,,,,,,,
2025-26,Regular Season,1630623,Tyson Etienne,145,24,BKN,1610612751,no_metric_row,200,,,,,,,,,,,,
2025-26,Regular Season,1642353,Cam Christie,139,55,LAC,1610612746,error,,,,,,,,,,,,,"RuntimeError('HTTP 403 <HTML><HEAD>\n<TITLE>Access Denied</TITLE>\n</HEAD><BODY>\n<H1>Access Denied</H1>\n \nYou don\'t have permission to access ""http&#58;&#47;&#47;failover&#45;waf&#46;nba&#46;com&#47;error&#45;pages&#47;gleagu')"
2025-26,Regular Season,203926,Doug McDermott,139,29,SAC,1610612758,no_metric_row,200,,,,,,,,,,,,
2025-26,Regular Season,203500,Steven Adams,139,32,HOU,1610612745,no_metric_row,200,,,,,,,,,,,,
2025-26,Regular Season,1630165,Killian Hayes,138,23,SAC,1610612758,no_metric_row,200,,,,,,,,,,,,
2025-26,Regular Season,1631113,Kennedy Chandler,137,11,UTA,1610612762,error,,,,,,,,,,,,,"RuntimeError('HTTP 403 <HTML><HEAD>\n<TITLE>Access Denied</TITLE>\n</HEAD><BODY>\n<H1>Access Denied</H1>\n \nYou don\'t have permission to access ""http&#58;&#47;&#47;failover&#45;waf&#46;nba&#46;com&#47;error&#45;pages&#47;gleagu')"
2025-26,Regular Season,1629680,Matisse Thybulle,134,30,POR,1610612757,no_metric_row,200,,,,,,,,,,,,
2025-26,Regular Season,1627827,Dorian Finney-Smith,132,37,HOU,1610612745,no_metric_row,200,,,,,,,,,,,,
2025-26,Regular Season,1631110,Jeremy Sochan,129,44,NYK|SAS,1610612752|1610612759,no_metric_row,200,,,,,,,,,,,,
2025-26,Regular Season,1631104,Blake Wesley,124,31,POR,1610612757,no_metric_row,200,,,,,,,,,,,,
2025-26,Regular Season,1626204,Larry Nance Jr.,124,35,CLE,1610612739,no_metric_row,200,,,,,,,,,,,,
2025-26,Regular Season,1631218,Trayce Jackson-Davis,124,53,GSW|TOR,1610612744|1610612761,no_metric_row,200,,,,,,,,,,,,
2025-26,Regular Season,1642066,Myron Gardner,123,45,MIA,1610612748,no_metric_row,200,,,,,,,,,,,,
2025-26,Regular Season,1641763,Julian Phillips,121,48,CHI|MIN,1610612741|1610612750,no_metric_row,200,,,,,,,,,,,,
2025-26,Regular Season,1641748,Andre Jackson Jr.,119,48,MIL,1610612749,no_metric_row,200,,,,,,,,,,,,
2025-26,Regular Season,1642882,Julian Reese,119,13,WAS,1610612764,no_metric_row,200,,,,,,,,,,,,
2025-26,Regular Season,1643018,LJ Cryer,117,18,GSW,1610612744,error,,,,,,,,,,,,,"RuntimeError('HTTP 403 <HTML><HEAD>\n<TITLE>Access Denied</TITLE>\n</HEAD><BODY>\n<H1>Access Denied</H1>\n \nYou don\'t have permission to access ""http&#58;&#47;&#47;failover&#45;waf&#46;nba&#46;com&#47;error&#45;pages&#47;gleagu')"
2025-26,Regular Season,1628396,Tony Bradley,117,41,ATL|IND,1610612737|1610612754,no_metric_row,200,,,,,,,,,,,,
2025-26,Regular Season,1642396,Blake Hinson,115,14,UTA,1610612762,no_metric_row,200,,,,,,,,,,,,
2025-26,Regular Season,1642355,Bronny James,115,42,LAL,1610612747,no_metric_row,200,,,,,,,,,,,,
2025-26,Regular Season,1630619,Moussa Cisse,115,38,DAL,1610612742,no_metric_row,200,,,,,,,,,,,,
2025-26,Regular Season,1629599,Amir Coffey,113,46,MIL|PHX,1610612749|1610612756,no_metric_row,200,,,,,,,,,,,,
2025-26,Regular Season,1631174,Tyler Burton,112,12,MEM,1610612763,error,,,,,,,,,,,,,"RuntimeError('HTTP 403 <HTML><HEAD>\n<TITLE>Access Denied</TITLE>\n</HEAD><BODY>\n<H1>Access Denied</H1>\n \nYou don\'t have permission to access ""http&#58;&#47;&#47;failover&#45;waf&#46;nba&#46;com&#47;error&#45;pages&#47;gleagu')"
2025-26,Regular Season,1630604,E.J. Liddell,111,26,BKN,1610612751,no_metric_row,200,,,,,,,,,,,,
2025-26,Regular Season,1631199,Ron Harper Jr.,110,29,BOS,1610612738,no_metric_row,200,,,,,,,,,,,,
2025-26,Regular Season,1630256,Jae'Sean Tate,109,46,HOU,1610612745,no_metric_row,200,,,,,,,,,,,,
2025-26,Regular Season,1628371,Jonathan Isaac,109,52,ORL,1610612753,no_metric_row,200,,,,,,,,,,,,
2025-26,Regular Season,1629622,Max Strus,106,12,CLE,1610612739,no_metric_row,200,,,,,,,,,,,,
2025-26,Regular Season,1642863,Khaman Maluach,105,46,PHX,1610612756,no_metric_row,200,,,,,,,,,,,,
2025-26,Regular Season,203914,Gary Harris,104,48,MIL,1610612749,error,,,,,,,,,,,,,"RuntimeError('HTTP 403 <HTML><HEAD>\n<TITLE>Access Denied</TITLE>\n</HEAD><BODY>\n<H1>Access Denied</H1>\n \nYou don\'t have permission to access ""http&#58;&#47;&#47;failover&#45;waf&#46;nba&#46;com&#47;error&#45;pages&#47;gleagu')"
2025-26,Regular Season,1642352,Keshad Johnson,104,32,MIA,1610612748,no_metric_row,200,,,,,,,,,,,,
2025-26,Regular Season,1641778,Leaky Black,103,15,WAS,1610612764,no_metric_row,200,,,,,,,,,,,,
2025-26,Regular Season,1642504,Cormac Ryan,102,11,MIL,1610612749,no_metric_row,200,,,,,,,,,,,,
2025-26,Regular Season,203939,Dwight Powell,101,63,DAL,1610612742,no_metric_row,200,,,,,,,,,,,,
2025-26,Regular Season,1643016,Bez Mbeng,100,15,UTA,1610612762,no_metric_row,200,,,,,,,,,,,,
2025-26,Regular Season,1630526,Jeremiah Robinson-Earl,100,22,DAL|IND,1610612742|1610612754,no_metric_row,200,,,,,,,,,,,,
2025-26,Regular Season,1642905,Yang Hansen,100,43,POR,1610612757,no_metric_row,200,,,,,,,,,,,,
2025-26,Regular Season,1642949,Yanic Konan Niederhäuser,100,41,LAC,1610612746,no_metric_row,200,,,,,,,,,,,,
2025-26,Regular Season,1642354,KJ Simpson,99,20,CHA|DEN,1610612743|1610612766,no_metric_row,200,,,,,,,,,,,,
2025-26,Regular Season,1641869,Malachi Smith,99,15,BKN,1610612751,no_metric_row,200,,,,,,,,,,,,
2025-26,Regular Season,1642866,Joan Beringer,98,40,MIN,1610612750,error,,,,,,,,,,,,,"RuntimeError('HTTP 403 <HTML><HEAD>\n<TITLE>Access Denied</TITLE>\n</HEAD><BODY>\n<H1>Access Denied</H1>\n \nYou don\'t have permission to access ""http&#58;&#47;&#47;failover&#45;waf&#46;nba&#46;com&#47;error&#45;pages&#47;gleagu')"
2025-26,Regular Season,1641744,Zach Edey,98,11,MEM,1610612763,no_metric_row,200,,,,,,,,,,,,
2025-26,Regular Season,203482,Kelly Olynyk,96,42,SAS,1610612759,error,,,,,,,,,,,,,"RuntimeError('HTTP 403 <HTML><HEAD>\n<TITLE>Access Denied</TITLE>\n</HEAD><BODY>\n<H1>Access Denied</H1>\n \nYou don\'t have permission to access ""http&#58;&#47;&#47;failover&#45;waf&#46;nba&#46;com&#47;error&#45;pages&#47;gleagu')"
2025-26,Regular Season,1630590,Scotty Pippen Jr.,96,10,MEM,1610612763,no_metric_row,200,,,,,,,,,,,,
2025-26,Regular Season,1642862,Liam McNeeley,95,31,CHA,1610612766,no_metric_row,200,,,,,,,,,,,,
2025-26,Regular Season,1643052,Chaney Johnson,94,17,BKN,1610612751,no_metric_row,200,,,,,,,,,,,,
2025-26,Regular Season,1641727,Dariq Whitehead,93,6,MEM,1610612763,no_metric_row,200,,,,,,,,,,,,
2025-26,Regular Season,1642967,John Poulakidas,91,13,DAL,1610612742,no_metric_row,200,,,,,,,,,,,,
2025-26,Regular Season,1631103,Malaki Branham,91,28,WAS,1610612764,no_metric_row,200,,,,,,,,,,,,
2025-26,Regular Season,1642404,Chaz Lanier,89,34,DET,1610612765,no_metric_row,200,,,,,,,,,,,,
2025-26,Regular Season,1630322,Lindy Waters III,88,40,SAS,1610612759,error,,,,,,,,,,,,,"RuntimeError('HTTP 403 <HTML><HEAD>\n<TITLE>Access Denied</TITLE>\n</HEAD><BODY>\n<H1>Access Denied</H1>\n \nYou don\'t have permission to access ""http&#58;&#47;&#47;failover&#45;waf&#46;nba&#46;com&#47;error&#45;pages&#47;gleagu')"
2025-26,Regular Season,1631466,Nate Williams,88,14,GSW,1610612744,no_metric_row,200,,,,,,,,,,,,
2025-26,Regular Season,1626192,Pat Connaughton,85,42,CHA,1610612766,error,,,,,,,,,,,,,"RuntimeError('HTTP 403 <HTML><HEAD>\n<TITLE>Access Denied</TITLE>\n</HEAD><BODY>\n<H1>Access Denied</H1>\n \nYou don\'t have permission to access ""http&#58;&#47;&#47;failover&#45;waf&#46;nba&#46;com&#47;error&#45;pages&#47;gleagu')"
2025-26,Regular Season,1630610,DeJon Jarreau,83,11,MEM,1610612763,error,,,,,,,,,,,,,"RuntimeError('HTTP 403 <HTML><HEAD>\n<TITLE>Access Denied</TITLE>\n</HEAD><BODY>\n<H1>Access Denied</H1>\n \nYou don\'t have permission to access ""http&#58;&#47;&#47;failover&#45;waf&#46;nba&#46;com&#47;error&#45;pages&#47;gleagu')"
2025-26,Regular Season,1642484,RayJ Dennis,83,17,ATL|IND|LAC,1610612737|1610612746|1610612754,no_metric_row,200,,,,,,,,,,,,
2025-26,Regular Season,1630574,Ariel Hukporti,80,54,NYK,1610612752,no_metric_row,200,,,,,,,,,,,,
2025-26,Regular Season,1629162,Jordan McLaughlin,79,44,SAS,1610612759,no_metric_row,200,,,,,,,,,,,,
2025-26,Regular Season,1630639,A.J. Lawson,78,24,TOR,1610612761,no_metric_row,200,,,,,,,,,,,,
2025-26,Regular Season,1641771,Jalen Slawson,77,13,IND,1610612754,no_metric_row,200,,,,,,,,,,,,
2025-26,Regular Season,1642950,Lachlan Olbrich,77,37,CHI,1610612741,error,,,,,,,,,,,,,"RuntimeError('HTTP 403 <HTML><HEAD>\n<TITLE>Access Denied</TITLE>\n</HEAD><BODY>\n<H1>Access Denied</H1>\n \nYou don\'t have permission to access ""http&#58;&#47;&#47;failover&#45;waf&#46;nba&#46;com&#47;error&#45;pages&#47;gleagu')"
2025-26,Regular Season,1630699,MarJon Beauchamp,76,14,PHI,1610612755,error,,,,,,,,,,,,,"RuntimeError('HTTP 403 <HTML><HEAD>\n<TITLE>Access Denied</TITLE>\n</HEAD><BODY>\n<H1>Access Denied</H1>\n \nYou don\'t have permission to access ""http&#58;&#47;&#47;failover&#45;waf&#46;nba&#46;com&#47;error&#45;pages&#47;gleagu')"
2025-26,Regular Season,1631351,Lucas Williamson,75,7,MEM,1610612763,no_metric_row,200,,,,,,,,,,,,
2025-26,Regular Season,1631132,Christian Koloko,74,27,ATL|LAL|MEM,1610612737|1610612747|1610612763,no_metric_row,200,,,,,,,,,,,,
2025-26,Regular Season,1641871,Duop Reath,74,32,POR,1610612757,no_metric_row,200,,,,,,,,,,,,
2025-26,Regular Season,1628467,Maxi Kleber,73,43,LAL,1610612747,no_metric_row,200,,,,,,,,,,,,
2025-26,Regular Season,1642502,Malevy Leons,72,25,GSW,1610612744,no_metric_row,200,,,,,,,,,,,,
2025-26,Regular Season,1642964,Brooks Barnhizer,71,40,OKC,1610612760,no_metric_row,200,,,,,,,,,,,,
2025-26,Regular Season,1643253,Toby Okani,70,6,MEM,1610612763,no_metric_row,200,,,,,,,,,,,,
2025-26,Regular Season,1642380,Adama Bal,68,8,MEM,1610612763,error,,,,,,,,,,,,,"RuntimeError('HTTP 403 <HTML><HEAD>\n<TITLE>Access Denied</TITLE>\n</HEAD><BODY>\n<H1>Access Denied</H1>\n \nYou don\'t have permission to access ""http&#58;&#47;&#47;failover&#45;waf&#46;nba&#46;com&#47;error&#45;pages&#47;gleagu')"
2025-26,Regular Season,201145,Jeff Green,68,30,HOU,1610612745,no_metric_row,200,,,,,,,,,,,,
2025-26,Regular Season,1631166,Drew Timme,66,27,LAL,1610612747,no_metric_row,200,,,,,,,,,,,,
2025-26,Regular Season,1630587,Isaiah Livers,64,36,PHX,1610612756,no_metric_row,200,,,,,,,,,,,,
2025-26,Regular Season,1631120,JD Davison,64,28,HOU,1610612745,no_metric_row,200,,,,,,,,,,,,
2025-26,Regular Season,1628380,Zach Collins,64,10,CHI,1610612741,no_metric_row,200,,,,,,,,,,,,
2025-26,Regular Season,1642959,Chris Youngblood,63,34,OKC|POR,1610612757|1610612760,no_metric_row,200,,,,,,,,,,,,
2025-26,Regular Season,1641747,DaRon Holmes II,61,25,DEN,1610612743,no_metric_row,200,,,,,,,,,,,,
2025-26,Regular Season,1626172,Kevon Looney,60,21,NOP,1610612740,no_metric_row,200,,,,,,,,,,,,
2025-26,Regular Season,1630644,Mac McClung,59,11,CHI|IND,1610612741|1610612754,no_metric_row,200,,,,,,,,,,,,
2025-26,Regular Season,1641790,PJ Hall,59,19,CHA|MEM,1610612763|1610612766,no_metric_row,200,,,,,,,,,,,,
2025-26,Regular Season,101108,Chris Paul,56,16,LAC,1610612746,no_metric_row,200,,,,,,,,,,,,
2025-26,Regular Season,1629726,Garrison Mathews,52,15,IND,1610612754,no_metric_row,200,,,,,,,,,,,,
2025-26,Regular Season,1641816,Hunter Tyson,52,21,DEN,1610612743,no_metric_row,200,,,,,,,,,,,,
2025-26,Regular Season,1642530,Yuki Kawamura,52,18,CHI,1610612741,error,,,,,,,,,,,,,"RuntimeError('HTTP 403 <HTML><HEAD>\n<TITLE>Access Denied</TITLE>\n</HEAD><BODY>\n<H1>Access Denied</H1>\n \nYou don\'t have permission to access ""http&#58;&#47;&#47;failover&#45;waf&#46;nba&#46;com&#47;error&#45;pages&#47;gleagu')"
2025-26,Regular Season,1642260,Nikola Topić,51,10,OKC,1610612760,no_metric_row,200,,,,,,,,,,,,
2025-26,Regular Season,1642918,Alijah Martin,50,23,TOR,1610612761,error,,,,,,,,,,,,,"RuntimeError('HTTP 403 <HTML><HEAD>\n<TITLE>Access Denied</TITLE>\n</HEAD><BODY>\n<H1>Access Denied</H1>\n \nYou don\'t have permission to access ""http&#58;&#47;&#47;failover&#45;waf&#46;nba&#46;com&#47;error&#45;pages&#47;gleagu')"
2025-26,Regular Season,1641723,Kobe Bufkin,50,16,LAL,1610612747,error,,,,,,,,,,,,,"RuntimeError('HTTP 403 <HTML><HEAD>\n<TITLE>Access Denied</TITLE>\n</HEAD><BODY>\n<H1>Access Denied</H1>\n \nYou don\'t have permission to access ""http&#58;&#47;&#47;failover&#45;waf&#46;nba&#46;com&#47;error&#45;pages&#47;gleagu')"
2025-26,Regular Season,1630286,Trevon Scott,50,6,BKN,1610612751,no_metric_row,200,,,,,,,,,,,,
2025-26,Regular Season,1641890,Tyler Smith,50,12,DAL,1610612742,no_metric_row,200,,,,,,,,,,,,
2025-26,Regular Season,203552,Seth Curry,49,10,GSW,1610612744,no_metric_row,200,,,,,,,,,,,,
2025-26,Regular Season,203078,Bradley Beal,48,6,LAC,1610612746,error,,,,,,,,,,,,,"RuntimeError('HTTP 403 <HTML><HEAD>\n<TITLE>Access Denied</TITLE>\n</HEAD><BODY>\n<H1>Access Denied</H1>\n \nYou don\'t have permission to access ""http&#58;&#47;&#47;failover&#45;waf&#46;nba&#46;com&#47;error&#45;pages&#47;gleagu')"
2025-26,Regular Season,1642359,Pacôme Dadiet,48,29,NYK,1610612752,no_metric_row,200,,,,,,,,,,,,
2025-26,Regular Season,1629646,Charles Bassey,47,13,BOS|GSW|MEM|PHI,1610612738|1610612744|1610612755|1610612763,no_metric_row,200,,,,,,,,,,,,
2025-26,Regular Season,1641755,Kevin McCullar Jr.,47,21,NYK,1610612752,no_metric_row,200,,,,,,,,,,,,
2025-26,Regular Season,1628502,Nigel Hayes-Davis,46,27,PHX,1610612756,no_metric_row,200,,,,,,,,,,,,
2025-26,Regular Season,1630214,Xavier Tillman,46,30,BOS|CHA,1610612738|1610612766,no_metric_row,200,,,,,,,,,,,,
2025-26,Regular Season,1642367,Jonathan Mogbo,44,40,TOR,1610612761,no_metric_row,200,,,,,,,,,,,,
2025-26,Regular Season,1642939,Miles Kelly,44,14,DAL,1610612742,no_metric_row,200,,,,,,,,,,,,
2025-26,Regular Season,1631451,Javonte Cooke,41,19,POR,1610612757,no_metric_row,200,,,,,,,,,,,,
2025-26,Regular Season,1630548,Johnny Juzang,38,21,MIN,1610612750,no_metric_row,200,,,,,,,,,,,,
2025-26,Regular Season,1641725,Trey Alexander,37,9,NOP,1610612740,no_metric_row,200,,,,,,,,,,,,
2025-26,Regular Season,1631117,Walker Kessler,37,5,UTA,1610612762,error,,,,,,,,,,,,,"RuntimeError('HTTP 403 <HTML><HEAD>\n<TITLE>Access Denied</TITLE>\n</HEAD><BODY>\n<H1>Access Denied</H1>\n \nYou don\'t have permission to access ""http&#58;&#47;&#47;failover&#45;waf&#46;nba&#46;com&#47;error&#45;pages&#47;gleagu')"
2025-26,Regular Season,1642886,Koby Brea,36,12,PHX,1610612756,no_metric_row,200,,,,,,,,,,,,
2025-26,Regular Season,1631247,Luke Travers,36,12,CLE,1610612739,no_metric_row,200,,,,,,,,,,,,
2025-26,Regular Season,1642449,Tolu Smith,36,15,DET,1610612765,no_metric_row,200,,,,,,,,,,,,
2025-26,Regular Season,201599,DeAndre Jordan,32,12,NOP,1610612740,error,,,,,,,,,,,,,"RuntimeError('HTTP 403 <HTML><HEAD>\n<TITLE>Access Denied</TITLE>\n</HEAD><BODY>\n<H1>Access Denied</H1>\n \nYou don\'t have permission to access ""http&#58;&#47;&#47;failover&#45;waf&#46;nba&#46;com&#47;error&#45;pages&#47;gleagu')"
2025-26,Regular Season,203648,Thanasis Antetokounmpo,32,34,MIL,1610612749,no_metric_row,200,,,,,,,,,,,,
2025-26,Regular Season,1642876,Adou Thiero,31,25,LAL,1610612747,no_metric_row,200,,,,,,,,,,,,
2025-26,Regular Season,1631223,David Roddy,30,5,DEN,1610612743,no_metric_row,200,,,,,,,,,,,,
2025-26,Regular Season,1643158,Andersson Garcia,29,5,UTA,1610612762,no_metric_row,200,,,,,,,,,,,,
2025-26,Regular Season,1642400,Tristan Enaruna,28,9,CLE,1610612739,no_metric_row,200,,,,,,,,,,,,
2025-26,Regular Season,1641752,Bobi Klintman,27,12,DET,1610612765,error,,,,,,,,,,,,,"RuntimeError('HTTP 403 <HTML><HEAD>\n<TITLE>Access Denied</TITLE>\n</HEAD><BODY>\n<H1>Access Denied</H1>\n \nYou don\'t have permission to access ""http&#58;&#47;&#47;failover&#45;waf&#46;nba&#46;com&#47;error&#45;pages&#47;gleagu')"
2025-26,Regular Season,1642938,Curtis Jones,27,10,DEN,1610612743,no_metric_row,200,,,,,,,,,,,,
2025-26,Regular Season,204060,Joe Ingles,27,27,MIN,1610612750,no_metric_row,200,,,,,,,,,,,,
2025-26,Regular Season,1631116,Patrick Baldwin Jr.,27,9,LAC|PHI|SAC,1610612746|1610612755|1610612758,no_metric_row,200,,,,,,,,,,,,
2025-26,Regular Season,1631214,Alondes Williams,26,4,WAS,1610612764,no_metric_row,200,,,,,,,,,,,,
2025-26,Regular Season,1631216,Caleb Houstan,26,18,ATL,1610612737,error,,,,,,,,,,,,,"RuntimeError('HTTP 403 <HTML><HEAD>\n<TITLE>Access Denied</TITLE>\n</HEAD><BODY>\n<H1>Access Denied</H1>\n \nYou don\'t have permission to access ""http&#58;&#47;&#47;failover&#45;waf&#46;nba&#46;com&#47;error&#45;pages&#47;gleagu')"
2025-26,Regular Season,1630209,Omer Yurtseven,26,9,GSW,1610612744,error,,,,,,,,,,,,,"RuntimeError('HTTP 403 <HTML><HEAD>\n<TITLE>Access Denied</TITLE>\n</HEAD><BODY>\n<H1>Access Denied</H1>\n \nYou don\'t have permission to access ""http&#58;&#47;&#47;failover&#45;waf&#46;nba&#46;com&#47;error&#45;pages&#47;gleagu')"
2025-26,Regular Season,1642362,Payton Sandfort,26,4,OKC,1610612760,no_metric_row,200,,,,,,,,,,,,
2025-26,Regular Season,201959,Taj Gibson,26,10,MEM,1610612763,no_metric_row,200,,,,,,,,,,,,
2025-26,Regular Season,1628449,Chris Boucher,25,9,BOS,1610612738,no_metric_row,200,,,,,,,,,,,,
2025-26,Regular Season,1642357,David Jones Garcia,25,11,SAS,1610612759,no_metric_row,200,,,,,,,,,,,,
2025-26,Regular Season,1642443,Jahmir Young,25,14,MIA,1610612748,no_metric_row,200,,,,,,,,,,,,
2025-26,Regular Season,200768,Kyle Lowry,25,14,PHI,1610612755,no_metric_row,200,,,,,,,,,,,,
2025-26,Regular Season,1642384,Isaiah Crawford,24,14,HOU,1610612745,no_metric_row,200,,,,,,,,,,,,
2025-26,Regular Season,1641780,Johni Broome,24,11,PHI,1610612755,no_metric_row,200,,,,,,,,,,,,
2025-26,Regular Season,1629312,Haywood Highsmith,23,7,PHX,1610612756,error,,,,,,,,,,,,,"RuntimeError('HTTP 403 <HTML><HEAD>\n<TITLE>Access Denied</TITLE>\n</HEAD><BODY>\n<H1>Access Denied</H1>\n \nYou don\'t have permission to access ""http&#58;&#47;&#47;failover&#45;waf&#46;nba&#46;com&#47;error&#45;pages&#47;gleagu')"
2025-26,Regular Season,1642434,Riley Minix,23,9,CLE|SAS,1610612739|1610612759,no_metric_row,200,,,,,,,,,,,,
2025-26,Regular Season,201569,Eric Gordon,21,6,PHI,1610612755,no_metric_row,200,,,,,,,,,,,,
2025-26,Regular Season,1642873,Amari Williams,20,22,BOS,1610612738,no_metric_row,200,,,,,,,,,,,,
2025-26,Regular Season,1641810,Antonio Reeves,20,10,CHA,1610612766,error,,,,,,,,,,,,,"RuntimeError('HTTP 403 <HTML><HEAD>\n<TITLE>Access Denied</TITLE>\n</HEAD><BODY>\n<H1>Access Denied</H1>\n \nYou don\'t have permission to access ""http&#58;&#47;&#47;failover&#45;waf&#46;nba&#46;com&#47;error&#45;pages&#47;gleagu')"
2025-26,Regular Season,1628420,Monte Morris,20,6,IND,1610612754,no_metric_row,200,,,,,,,,,,,,
2025-26,Regular Season,1629610,DaQuan Jeffries,19,3,SAC,1610612758,error,,,,,,,,,,,,,"RuntimeError('HTTP 403 <HTML><HEAD>\n<TITLE>Access Denied</TITLE>\n</HEAD><BODY>\n<H1>Access Denied</H1>\n \nYou don\'t have permission to access ""http&#58;&#47;&#47;failover&#45;waf&#46;nba&#46;com&#47;error&#45;pages&#47;gleagu')"
2025-26,Regular Season,1631102,TyTy Washington Jr.,19,16,LAC,1610612746,error,,,,,,,,,,,,,"RuntimeError('HTTP 403 <HTML><HEAD>\n<TITLE>Access Denied</TITLE>\n</HEAD><BODY>\n<H1>Access Denied</H1>\n \nYou don\'t have permission to access ""http&#58;&#47;&#47;failover&#45;waf&#46;nba&#46;com&#47;error&#45;pages&#47;gleagu')"
2025-26,Regular Season,1641726,Dereck Lively II,18,7,DAL,1610612742,no_metric_row,200,,,,,,,,,,,,
2025-26,Regular Season,1642490,Josh Oduro,17,3,NOP,1610612740,no_metric_row,200,,,,,,,,,,,,
2025-26,Regular Season,1641809,Drew Peterson,16,6,CHA,1610612766,no_metric_row,200,,,,,,,,,,,,
2025-26,Regular Season,1642955,Kadary Richmond,16,3,WAS,1610612764,no_metric_row,200,,,,,,,,,,,,
2025-26,Regular Season,202687,Bismack Biyombo,15,25,SAS,1610612759,no_metric_row,200,,,,,,,,,,,,
2025-26,Regular Season,202066,Garrett Temple,15,22,TOR,1610612761,no_metric_row,200,,,,,,,,,,,,
2025-26,Regular Season,1642951,Sean Pedulla,15,7,LAC,1610612746,no_metric_row,200,,,,,,,,,,,,
2025-26,Regular Season,1630621,Hunter Dickinson,14,5,NOP,1610612740,no_metric_row,200,,,,,,,,,,,,
2025-26,Regular Season,1642910,John Tonje,14,6,BOS,1610612738,no_metric_row,200,,,,,,,,,,,,
2025-26,Regular Season,203486,Mason Plumlee,14,20,CHA|SAS,1610612759|1610612766,no_metric_row,200,,,,,,,,,,,,
2025-26,Regular Season,1641801,Emanuel Miller,13,5,CHI,1610612741,no_metric_row,200,,,,,,,,,,,,
2025-26,Regular Season,1641813,Mark Sears,13,7,MIL,1610612749,no_metric_row,200,,,,,,,,,,,,
2025-26,Regular Season,1642389,Zyon Pullin,13,5,MIN,1610612750,no_metric_row,200,,,,,,,,,,,,
2025-26,Regular Season,1630625,Dalano Banton,12,6,BOS|LAC,1610612738|1610612746,no_metric_row,200,,,,,,,,,,,,
2025-26,Regular Season,1642933,Keshon Gilbert,12,4,ATL|WAS,1610612737|1610612764,no_metric_row,200,,,,,,,,,,,,
2025-26,Regular Season,1631211,Trevor Keels,12,8,MIA,1610612748,no_metric_row,200,,,,,,,,,,,,
2025-26,Regular Season,1643047,CJ Huntley,11,4,PHX,1610612756,error,,,,,,,,,,,,,"RuntimeError('HTTP 403 <HTML><HEAD>\n<TITLE>Access Denied</TITLE>\n</HEAD><BODY>\n<H1>Access Denied</H1>\n \nYou don\'t have permission to access ""http&#58;&#47;&#47;failover&#45;waf&#46;nba&#46;com&#47;error&#45;pages&#47;gleagu')"
2025-26,Regular Season,1628365,Markelle Fultz,11,5,TOR,1610612761,error,,,,,,,,,,,,,"RuntimeError('HTTP 403 <HTML><HEAD>\n<TITLE>Access Denied</TITLE>\n</HEAD><BODY>\n<H1>Access Denied</H1>\n \nYou don\'t have permission to access ""http&#58;&#47;&#47;failover&#45;waf&#46;nba&#46;com&#47;error&#45;pages&#47;gleagu')"
2025-26,Regular Season,1628964,Mo Bamba,11,4,TOR|UTA,1610612761|1610612762,no_metric_row,200,,,,,,,,,,,,
2025-26,Regular Season,1631338,Mouhamadou Gueye,11,2,CHI,1610612741,no_metric_row,200,,,,,,,,,,,,
2025-26,Regular Season,1628998,Cody Martin,10,4,IND,1610612754,no_metric_row,200,,,,,,,,,,,,
2025-26,Regular Season,1630164,James Wiseman,10,4,IND,1610612754,no_metric_row,200,,,,,,,,,,,,
2025-26,Regular Season,1643133,Lawson Lovering,10,2,MEM,1610612763,no_metric_row,200,,,,,,,,,,,,
2025-26,Regular Season,1641807,Norchad Omier,10,6,LAC,1610612746,error,,,,,,,,,,,,,"RuntimeError('HTTP 403 <HTML><HEAD>\n<TITLE>Access Denied</TITLE>\n</HEAD><BODY>\n<H1>Access Denied</H1>\n \nYou don\'t have permission to access ""http&#58;&#47;&#47;failover&#45;waf&#46;nba&#46;com&#47;error&#45;pages&#47;gleagu')"
2025-26,Regular Season,1627746,Skal Labissiere,10,3,WAS,1610612764,no_metric_row,200,,,,,,,,,,,,
2025-26,Regular Season,1641998,Trey Jemison III,10,13,NYK,1610612752,error,,,,,,,,,,,,,"RuntimeError('HTTP 403 <HTML><HEAD>\n<TITLE>Access Denied</TITLE>\n</HEAD><BODY>\n<H1>Access Denied</H1>\n \nYou don\'t have permission to access ""http&#58;&#47;&#47;failover&#45;waf&#46;nba&#46;com&#47;error&#45;pages&#47;gleagu')"
2025-26,Regular Season,1629634,Brandon Clarke,9,2,MEM,1610612763,no_metric_row,200,,,,,,,,,,,,
2025-26,Regular Season,1641794,Dillon Jones,9,7,NYK,1610612752,error,,,,,,,,,,,,,"RuntimeError('HTTP 403 <HTML><HEAD>\n<TITLE>Access Denied</TITLE>\n</HEAD><BODY>\n<H1>Access Denied</H1>\n \nYou don\'t have permission to access ""http&#58;&#47;&#47;failover&#45;waf&#46;nba&#46;com&#47;error&#45;pages&#47;gleagu')"
2025-26,Regular Season,1641761,Grant Nelson,9,4,BKN,1610612751,no_metric_row,200,,,,,,,,,,,,
2025-26,Regular Season,1641803,Tristen Newton,9,1,HOU,1610612745,no_metric_row,200,,,,,,,,,,,,
2025-26,Regular Season,1630828,Alex Antetokounmpo,8,6,MIL,1610612749,no_metric_row,200,,,,,,,,,,,,
2025-26,Regular Season,1642402,Enrique Freeman,8,4,MIN,1610612750,no_metric_row,200,,,,,,,,,,,,
2025-26,Regular Season,1642917,Max Shulga,8,11,BOS,1610612738,no_metric_row,200,,,,,,,,,,,,
2025-26,Regular Season,1642911,Rocco Zikarsky,8,5,MIN,1610612750,no_metric_row,200,,,,,,,,,,,,
2025-26,Regular Season,1631457,Alex Morales,7,4,ORL,1610612753,error,,,,,,,,,,,,,"RuntimeError('HTTP 403 <HTML><HEAD>\n<TITLE>Access Denied</TITLE>\n</HEAD><BODY>\n<H1>Access Denied</H1>\n \nYou don\'t have permission to access ""http&#58;&#47;&#47;failover&#45;waf&#46;nba&#46;com&#47;error&#45;pages&#47;gleagu')"
2025-26,Regular Season,1641753,Chris Livingston,7,3,CLE,1610612739,no_metric_row,200,,,,,,,,,,,,
2025-26,Regular Season,1642403,Isaac Jones,7,7,DET|SAC,1610612758|1610612765,no_metric_row,200,,,,,,,,,,,,
2025-26,Regular Season,1641815,Isaiah Stevens,7,3,SAC,1610612758,no_metric_row,200,,,,,,,,,,,,
2025-26,Regular Season,1643257,Jayson Kent,7,5,POR,1610612757,no_metric_row,200,,,,,,,,,,,,
2025-26,Regular Season,1630846,Olivier Sarr,7,4,CLE,1610612739,no_metric_row,200,,,,,,,,,,,,
2025-26,Regular Season,1631111,Wendell Moore Jr.,7,6,DET,1610612765,error,,,,,,,,,,,,,"RuntimeError('HTTP 403 <HTML><HEAD>\n<TITLE>Access Denied</TITLE>\n</HEAD><BODY>\n<H1>Access Denied</H1>\n \nYou don\'t have permission to access ""http&#58;&#47;&#47;failover&#45;waf&#46;nba&#46;com&#47;error&#45;pages&#47;gleagu')"
2025-26,Regular Season,1631205,Buddy Boeheim,6,4,OKC,1610612760,no_metric_row,200,,,,,,,,,,,,
2025-26,Regular Season,1643024,Chris Mañon,6,9,LAL,1610612747,error,,,,,,,,,,,,,"RuntimeError('HTTP 403 <HTML><HEAD>\n<TITLE>Access Denied</TITLE>\n</HEAD><BODY>\n<H1>Access Denied</H1>\n \nYou don\'t have permission to access ""http&#58;&#47;&#47;failover&#45;waf&#46;nba&#46;com&#47;error&#45;pages&#47;gleagu')"
2025-26,Regular Season,1642935,Chucky Hepburn,6,2,TOR,1610612761,no_metric_row,200,,,,,,,,,,,,
2025-26,Regular Season,203967,Dario Saric,6,5,SAC,1610612758,no_metric_row,200,,,,,,,,,,,,
2025-26,Regular Season,1631127,Harrison Ingram,6,7,SAS,1610612759,no_metric_row,200,,,,,,,,,,,,
2025-26,Regular Season,1631210,Jacob Toppin,6,5,ATL,1610612737,no_metric_row,200,,,,,,,,,,,,
2025-26,Regular Season,1630658,Colin Castleton,5,4,ORL,1610612753,no_metric_row,200,,,,,,,,,,,,
2025-26,Regular Season,1642282,Hunter Sallis,5,7,PHI,1610612755,no_metric_row,200,,,,,,,,,,,,
2025-26,Regular Season,1631115,Orlando Robinson,5,4,ORL,1610612753,no_metric_row,200,,,,,,,,,,,,
2025-26,Regular Season,1643141,Jahmyl Telfort,4,8,LAC,1610612746,no_metric_row,200,,,,,,,,,,,,
2025-26,Regular Season,1642368,N'Faly Dante,4,4,ATL,1610612737,no_metric_row,200,,,,,,,,,,,,
2025-26,Regular Season,1642884,Vladislav Goldin,4,9,MIA,1610612748,no_metric_row,200,,,,,,,,,,,,
2025-26,Regular Season,1641732,Colby Jones,3,1,DET,1610612765,error,,,,,,,,,,,,,"RuntimeError('HTTP 403 <HTML><HEAD>\n<TITLE>Access Denied</TITLE>\n</HEAD><BODY>\n<H1>Access Denied</H1>\n \nYou don\'t have permission to access ""http&#58;&#47;&#47;failover&#45;waf&#46;nba&#46;com&#47;error&#45;pages&#47;gleagu')"
2025-26,Regular Season,1643060,Hayden Gray,3,1,UTA,1610612762,no_metric_row,200,,,,,,,,,,,,
2025-26,Regular Season,1642855,Noa Essengue,3,2,CHI,1610612741,no_metric_row,200,,,,,,,,,,,,
2025-26,Regular Season,1642280,Trentyn Flowers,3,2,CHI,1610612741,no_metric_row,200,,,,,,,,,,,,
2025-26,Regular Season,1630649,Stanley Umude,2,2,SAS,1610612759,no_metric_row,200,,,,,,,,,,,,
2025-26,Regular Season,1642468,Darius Brown II,1,1,CLE,1610612739,no_metric_row,200,,,,,,,,,,,,
2025-26,Regular Season,1641787,Tosan Evbuomwan,1,5,NYK,1610612752,no_metric_row,200,,,,,,,,,,,,
